LAYER,P,R,F
0,0.31640986,0.3165373,0.31007436
1,0.38696027,0.38703722,0.38439235
2,0.37779954,0.3778564,0.3759247
3,0.4955335,0.49554902,0.49450693
4,0.564652,0.5646602,0.5637854
5,0.5874604,0.58746654,0.5868172
6,0.5712668,0.5713091,0.57060444
7,0.5483833,0.5484241,0.5478702
8,0.49894744,0.49899146,0.4979576
9,0.44012076,0.44018012,0.43826565
10,0.4082575,0.40829876,0.40613624
11,0.376629,0.3766791,0.3750452
12,0.3400376,0.34007692,0.33811554
