{
  "model": "/workspace/RWKV-x070-Pile-1.47B-20241210-ctx4096",
  "tasks": [
    "glue"
  ],
  "num_fewshot": 0,
  "results": {
    "glue": {
      "acc,none": 0.4078579085278704,
      "acc_stderr,none": 0.0018889349168060897,
      "f1,none": 0.5340444163437345,
      "f1_stderr,none": 0.0026155190755729574,
      "mcc,none": -0.00034019924859577224,
      "mcc_stderr,none": 0.031010003773358896,
      "alias": "glue"
    },
    "cola": {
      "mcc,none": -0.00034019924859577224,
      "mcc_stderr,none": 0.031010003773358896,
      "alias": " - cola"
    },
    "mnli": {
      "acc,none": 0.3748344370860927,
      "acc_stderr,none": 0.004886458768990256,
      "alias": " - mnli"
    },
    "mnli_mismatch": {
      "acc,none": 0.36889747762408465,
      "acc_stderr,none": 0.00486635685220306,
      "alias": " - mnli_mismatch"
    },
    "mrpc": {
      "acc,none": 0.6593137254901961,
      "acc_stderr,none": 0.023492334306757023,
      "f1,none": 0.7884322678843226,
      "f1_stderr,none": 0.01769323760526696,
      "alias": " - mrpc"
    },
    "qnli": {
      "acc,none": 0.5061321618158521,
      "acc_stderr,none": 0.006764901727648474,
      "alias": " - qnli"
    },
    "qqp": {
      "acc,none": 0.40561464259213453,
      "acc_stderr,none": 0.002441992713026302,
      "f1,none": 0.5314772572186154,
      "f1_stderr,none": 0.0026358556695255334,
      "alias": " - qqp"
    },
    "rte": {
      "acc,none": 0.5667870036101083,
      "acc_stderr,none": 0.02982676408213826,
      "alias": " - rte"
    },
    "sst2": {
      "acc,none": 0.5378440366972477,
      "acc_stderr,none": 0.016893256723229545,
      "alias": " - sst2"
    },
    "wnli": {
      "acc,none": 0.4225352112676056,
      "acc_stderr,none": 0.05903984205682581,
      "alias": " - wnli"
    },
    "aggregate": {
      "acc,none": 0.4802
    }
  }
}
