{
  "results": {
    "hendrycksTest-high_school_chemistry": {
      "acc": 0.24630541871921183,
      "acc_stderr": 0.03031509928561773,
      "acc_norm": 0.3054187192118227,
      "acc_norm_stderr": 0.03240661565868408
    },
    "hendrycksTest-international_law": {
      "acc": 0.17355371900826447,
      "acc_stderr": 0.0345727283691767,
      "acc_norm": 0.4793388429752066,
      "acc_norm_stderr": 0.04560456086387235
    },
    "hendrycksTest-abstract_algebra": {
      "acc": 0.26,
      "acc_stderr": 0.044084400227680794,
      "acc_norm": 0.25,
      "acc_norm_stderr": 0.04351941398892446
    },
    "hendrycksTest-anatomy": {
      "acc": 0.22962962962962963,
      "acc_stderr": 0.03633384414073465,
      "acc_norm": 0.21481481481481482,
      "acc_norm_stderr": 0.03547854198560826
    },
    "hendrycksTest-elementary_mathematics": {
      "acc": 0.19576719576719576,
      "acc_stderr": 0.0204357309715418,
      "acc_norm": 0.24867724867724866,
      "acc_norm_stderr": 0.022261817692400158
    },
    "hendrycksTest-high_school_microeconomics": {
      "acc": 0.21428571428571427,
      "acc_stderr": 0.02665353159671549,
      "acc_norm": 0.3025210084033613,
      "acc_norm_stderr": 0.02983796238829193
    },
    "hendrycksTest-college_chemistry": {
      "acc": 0.28,
      "acc_stderr": 0.045126085985421276,
      "acc_norm": 0.34,
      "acc_norm_stderr": 0.04760952285695236
    },
    "hendrycksTest-college_biology": {
      "acc": 0.2638888888888889,
      "acc_stderr": 0.03685651095897532,
      "acc_norm": 0.2777777777777778,
      "acc_norm_stderr": 0.03745554791462457
    },
    "hendrycksTest-high_school_psychology": {
      "acc": 0.22568807339449543,
      "acc_stderr": 0.017923087667803057,
      "acc_norm": 0.24220183486238533,
      "acc_norm_stderr": 0.01836817630659862
    },
    "hendrycksTest-philosophy": {
      "acc": 0.2379421221864952,
      "acc_stderr": 0.024185150647818707,
      "acc_norm": 0.3086816720257235,
      "acc_norm_stderr": 0.026236965881153256
    },
    "hendrycksTest-professional_law": {
      "acc": 0.26010430247718386,
      "acc_stderr": 0.011204382887823836,
      "acc_norm": 0.2803129074315515,
      "acc_norm_stderr": 0.011471555944958614
    },
    "hendrycksTest-college_computer_science": {
      "acc": 0.33,
      "acc_stderr": 0.047258156262526045,
      "acc_norm": 0.3,
      "acc_norm_stderr": 0.046056618647183814
    },
    "hendrycksTest-business_ethics": {
      "acc": 0.34,
      "acc_stderr": 0.04760952285695235,
      "acc_norm": 0.33,
      "acc_norm_stderr": 0.04725815626252604
    },
    "hendrycksTest-machine_learning": {
      "acc": 0.2767857142857143,
      "acc_stderr": 0.04246624336697626,
      "acc_norm": 0.2767857142857143,
      "acc_norm_stderr": 0.04246624336697624
    },
    "hendrycksTest-public_relations": {
      "acc": 0.2545454545454545,
      "acc_stderr": 0.041723430387053825,
      "acc_norm": 0.19090909090909092,
      "acc_norm_stderr": 0.03764425585984925
    },
    "hendrycksTest-logical_fallacies": {
      "acc": 0.1901840490797546,
      "acc_stderr": 0.030833491146281224,
      "acc_norm": 0.2883435582822086,
      "acc_norm_stderr": 0.035590395316173425
    },
    "hendrycksTest-professional_psychology": {
      "acc": 0.2369281045751634,
      "acc_stderr": 0.017201662169789782,
      "acc_norm": 0.2549019607843137,
      "acc_norm_stderr": 0.017630827375148383
    },
    "hendrycksTest-nutrition": {
      "acc": 0.29411764705882354,
      "acc_stderr": 0.02609016250427904,
      "acc_norm": 0.3954248366013072,
      "acc_norm_stderr": 0.02799672318063145
    },
    "arc_challenge": {
      "acc": 0.23122866894197952,
      "acc_stderr": 0.012320858834772276,
      "acc_norm": 0.29436860068259385,
      "acc_norm_stderr": 0.013318528460539426
    },
    "hendrycksTest-college_medicine": {
      "acc": 0.1791907514450867,
      "acc_stderr": 0.02924251305906328,
      "acc_norm": 0.23699421965317918,
      "acc_norm_stderr": 0.03242414757483098
    },
    "hendrycksTest-professional_accounting": {
      "acc": 0.25886524822695034,
      "acc_stderr": 0.026129572527180848,
      "acc_norm": 0.2624113475177305,
      "acc_norm_stderr": 0.026244920349843
    },
    "hendrycksTest-jurisprudence": {
      "acc": 0.28703703703703703,
      "acc_stderr": 0.043733130409147614,
      "acc_norm": 0.39814814814814814,
      "acc_norm_stderr": 0.047323326159788154
    },
    "winogrande": {
      "acc": 0.5974743488555643,
      "acc_stderr": 0.01378286683170305
    },
    "hendrycksTest-high_school_us_history": {
      "acc": 0.25,
      "acc_stderr": 0.03039153369274154,
      "acc_norm": 0.2549019607843137,
      "acc_norm_stderr": 0.030587591351604246
    },
    "hendrycksTest-econometrics": {
      "acc": 0.24561403508771928,
      "acc_stderr": 0.04049339297748142,
      "acc_norm": 0.23684210526315788,
      "acc_norm_stderr": 0.03999423879281336
    },
    "hendrycksTest-professional_medicine": {
      "acc": 0.24632352941176472,
      "acc_stderr": 0.02617343857052,
      "acc_norm": 0.22426470588235295,
      "acc_norm_stderr": 0.02533684856333237
    },
    "hendrycksTest-clinical_knowledge": {
      "acc": 0.19245283018867926,
      "acc_stderr": 0.024262979839372277,
      "acc_norm": 0.2528301886792453,
      "acc_norm_stderr": 0.02674989977124124
    },
    "hendrycksTest-high_school_geography": {
      "acc": 0.2222222222222222,
      "acc_stderr": 0.029620227874790482,
      "acc_norm": 0.2828282828282828,
      "acc_norm_stderr": 0.03208779558786751
    },
    "hendrycksTest-high_school_physics": {
      "acc": 0.2251655629139073,
      "acc_stderr": 0.034104352820089376,
      "acc_norm": 0.25165562913907286,
      "acc_norm_stderr": 0.035433042343899844
    },
    "hendrycksTest-astronomy": {
      "acc": 0.23684210526315788,
      "acc_stderr": 0.03459777606810537,
      "acc_norm": 0.34210526315789475,
      "acc_norm_stderr": 0.038607315993160925
    },
    "hendrycksTest-medical_genetics": {
      "acc": 0.27,
      "acc_stderr": 0.0446196043338474,
      "acc_norm": 0.36,
      "acc_norm_stderr": 0.04824181513244218
    },
    "hendrycksTest-us_foreign_policy": {
      "acc": 0.32,
      "acc_stderr": 0.046882617226215034,
      "acc_norm": 0.27,
      "acc_norm_stderr": 0.04461960433384741
    },
    "hendrycksTest-formal_logic": {
      "acc": 0.29365079365079366,
      "acc_stderr": 0.040735243221471276,
      "acc_norm": 0.2698412698412698,
      "acc_norm_stderr": 0.039701582732351734
    },
    "hendrycksTest-conceptual_physics": {
      "acc": 0.2170212765957447,
      "acc_stderr": 0.026947483121496217,
      "acc_norm": 0.20425531914893616,
      "acc_norm_stderr": 0.026355158413349417
    },
    "hendrycksTest-electrical_engineering": {
      "acc": 0.25517241379310346,
      "acc_stderr": 0.03632984052707842,
      "acc_norm": 0.2896551724137931,
      "acc_norm_stderr": 0.03780019230438014
    },
    "hendrycksTest-virology": {
      "acc": 0.3433734939759036,
      "acc_stderr": 0.03696584317010601,
      "acc_norm": 0.30120481927710846,
      "acc_norm_stderr": 0.0357160923005348
    },
    "piqa": {
      "acc": 0.7170837867247007,
      "acc_stderr": 0.010508949177489683,
      "acc_norm": 0.7247007616974973,
      "acc_norm_stderr": 0.01042142927736953
    },
    "hendrycksTest-high_school_statistics": {
      "acc": 0.25462962962962965,
      "acc_stderr": 0.02971127586000535,
      "acc_norm": 0.2777777777777778,
      "acc_norm_stderr": 0.03054674526495318
    },
    "hendrycksTest-college_physics": {
      "acc": 0.27450980392156865,
      "acc_stderr": 0.04440521906179327,
      "acc_norm": 0.30392156862745096,
      "acc_norm_stderr": 0.045766654032077636
    },
    "hendrycksTest-high_school_biology": {
      "acc": 0.20967741935483872,
      "acc_stderr": 0.02315787934908352,
      "acc_norm": 0.267741935483871,
      "acc_norm_stderr": 0.02518900666021238
    },