{
  "results": {
    "xcopa_sw": {
      "acc": 0.508,
      "acc_stderr": 0.022380208834928025
    },
    "xcopa_zh": {
      "acc": 0.562,
      "acc_stderr": 0.022210326363977417
    },
    "xcopa_et": {
      "acc": 0.488,
      "acc_stderr": 0.02237662679792717
    },
    "xcopa_th": {
      "acc": 0.558,
      "acc_stderr": 0.022231970696321122
    },
    "xcopa_tr": {
      "acc": 0.556,
      "acc_stderr": 0.022242244375731017
    },
    "xcopa_qu": {
      "acc": 0.514,
      "acc_stderr": 0.022374298166353185
    },
    "xcopa_id": {
      "acc": 0.546,
      "acc_stderr": 0.02228814759117695
    },
    "xcopa_ta": {
      "acc": 0.552,
      "acc_stderr": 0.02226169729227013
    },
    "xcopa_ht": {
      "acc": 0.51,
      "acc_stderr": 0.02237859698923078
    },
    "xcopa_vi": {
      "acc": 0.516,
      "acc_stderr": 0.0223716109825804
    },
    "xcopa_it": {
      "acc": 0.62,
      "acc_stderr": 0.021728881438701705
    }
  },
  "versions": {
    "xcopa_sw": 0,
    "xcopa_zh": 0,
    "xcopa_et": 0,
    "xcopa_th": 0,
    "xcopa_tr": 0,
    "xcopa_qu": 0,
    "xcopa_id": 0,
    "xcopa_ta": 0,
    "xcopa_ht": 0,
    "xcopa_vi": 0,
    "xcopa_it": 0
  },
  "config": {
    "model": "hf-causal-experimental",
    "model_args": "pretrained=/gaueko1/hizkuntza-ereduak/LLaMA/lm/huggingface/7B",
    "num_fewshot": 0,
    "batch_size": "auto",
    "device": "cuda",
    "no_cache": true,
    "limit": null,
    "bootstrap_iters": 100000,
    "description_dict": {}
  }
}
