{
  "results": {
    "xcopa_id": {
      "acc": 0.572,
      "acc_stderr": 0.02214979066386193
    },
    "xcopa_th": {
      "acc": 0.552,
      "acc_stderr": 0.02226169729227013
    },
    "xcopa_it": {
      "acc": 0.538,
      "acc_stderr": 0.022318338119870534
    },
    "xcopa_ht": {
      "acc": 0.55,
      "acc_stderr": 0.022270877485360437
    },
    "xcopa_tr": {
      "acc": 0.544,
      "acc_stderr": 0.02229623834840705
    },
    "xcopa_zh": {
      "acc": 0.556,
      "acc_stderr": 0.02224224437573102
    },
    "xcopa_vi": {
      "acc": 0.584,
      "acc_stderr": 0.02206494331392886
    },
    "xcopa_sw": {
      "acc": 0.532,
      "acc_stderr": 0.022337186479044296
    },
    "xcopa_ta": {
      "acc": 0.562,
      "acc_stderr": 0.022210326363977413
    },
    "xcopa_qu": {
      "acc": 0.492,
      "acc_stderr": 0.022380208834928028
    },
    "xcopa_et": {
      "acc": 0.556,
      "acc_stderr": 0.02224224437573102
    }
  },
  "versions": {
    "xcopa_id": 0,
    "xcopa_th": 0,
    "xcopa_it": 0,
    "xcopa_ht": 0,
    "xcopa_tr": 0,
    "xcopa_zh": 0,
    "xcopa_vi": 0,
    "xcopa_sw": 0,
    "xcopa_ta": 0,
    "xcopa_qu": 0,
    "xcopa_et": 0
  },
  "config": {
    "model": "hf-causal-experimental",
    "model_args": "pretrained=facebook/xglm-564M,use_accelerate=True",
    "num_fewshot": 0,
    "batch_size": "auto",
    "device": "cuda",
    "no_cache": true,
    "limit": null,
    "bootstrap_iters": 100000,
    "description_dict": {}
  }
}
