{
  "results": {
    "xcopa_id": {
      "acc": 0.646,
      "acc_stderr": 0.02140758204791645
    },
    "xcopa_ta": {
      "acc": 0.552,
      "acc_stderr": 0.02226169729227013
    },
    "xcopa_ht": {
      "acc": 0.558,
      "acc_stderr": 0.022231970696321122
    },
    "xcopa_it": {
      "acc": 0.54,
      "acc_stderr": 0.022311333245289663
    },
    "xcopa_tr": {
      "acc": 0.534,
      "acc_stderr": 0.02233126442325838
    },
    "xcopa_th": {
      "acc": 0.582,
      "acc_stderr": 0.022080014812228137
    },
    "xcopa_qu": {
      "acc": 0.522,
      "acc_stderr": 0.022361396739207878
    },
    "xcopa_zh": {
      "acc": 0.58,
      "acc_stderr": 0.02209471322976178
    },
    "xcopa_vi": {
      "acc": 0.63,
      "acc_stderr": 0.02161328916516579
    },
    "xcopa_et": {
      "acc": 0.568,
      "acc_stderr": 0.022175109265613165
    },
    "xcopa_sw": {
      "acc": 0.566,
      "acc_stderr": 0.022187215803029008
    }
  },
  "versions": {
    "xcopa_id": 0,
    "xcopa_ta": 0,
    "xcopa_ht": 0,
    "xcopa_it": 0,
    "xcopa_tr": 0,
    "xcopa_th": 0,
    "xcopa_qu": 0,
    "xcopa_zh": 0,
    "xcopa_vi": 0,
    "xcopa_et": 0,
    "xcopa_sw": 0
  },
  "config": {
    "model": "hf-causal-experimental",
    "model_args": "pretrained=facebook/xglm-1.7B,use_accelerate=True",
    "num_fewshot": 0,
    "batch_size": "auto",
    "device": "cuda",
    "no_cache": true,
    "limit": null,
    "bootstrap_iters": 100000,
    "description_dict": {}
  }
}
