{
  "results": {
    "hendrycksTest-us_foreign_policy": {
      "acc": 0.42,
      "acc_stderr": 0.049604496374885836,
      "acc_norm": 0.42,
      "acc_norm_stderr": 0.049604496374885836
    },
    "hendrycksTest-high_school_mathematics": {
      "acc": 0.2518518518518518,
      "acc_stderr": 0.026466117538959912,
      "acc_norm": 0.3037037037037037,
      "acc_norm_stderr": 0.028037929969114993
    },
    "hendrycksTest-human_aging": {
      "acc": 0.2556053811659193,
      "acc_stderr": 0.029275891003969923,
      "acc_norm": 0.22869955156950672,
      "acc_norm_stderr": 0.028188240046929193
    },
    "hendrycksTest-high_school_microeconomics": {
      "acc": 0.2689075630252101,
      "acc_stderr": 0.028801392193631276,
      "acc_norm": 0.3445378151260504,
      "acc_norm_stderr": 0.030868682604121622
    },
    "hendrycksTest-college_mathematics": {
      "acc": 0.22,
      "acc_stderr": 0.041633319989322695,
      "acc_norm": 0.36,
      "acc_norm_stderr": 0.04824181513244218
    },
    "hendrycksTest-college_computer_science": {
      "acc": 0.31,
      "acc_stderr": 0.04648231987117316,
      "acc_norm": 0.25,
      "acc_norm_stderr": 0.04351941398892446
    },
    "hendrycksTest-management": {
      "acc": 0.27184466019417475,
      "acc_stderr": 0.044052680241409216,
      "acc_norm": 0.3592233009708738,
      "acc_norm_stderr": 0.04750458399041694
    },
    "piqa": {
      "acc": 0.7758433079434167,
      "acc_stderr": 0.009729897956410044,
      "acc_norm": 0.7812840043525572,
      "acc_norm_stderr": 0.009644731932667563
    },
    "hendrycksTest-professional_law": {
      "acc": 0.2757496740547588,
      "acc_stderr": 0.011413813609161003,
      "acc_norm": 0.2842242503259452,
      "acc_norm_stderr": 0.011519880596516072
    },
    "hendrycksTest-public_relations": {
      "acc": 0.2818181818181818,
      "acc_stderr": 0.043091187099464585,
      "acc_norm": 0.2,
      "acc_norm_stderr": 0.038313051408846034
    },
    "hendrycksTest-sociology": {
      "acc": 0.2537313432835821,
      "acc_stderr": 0.030769444967296014,
      "acc_norm": 0.22388059701492538,
      "acc_norm_stderr": 0.029475250236017176
    },
    "hendrycksTest-anatomy": {
      "acc": 0.24444444444444444,
      "acc_stderr": 0.037125378336148665,
      "acc_norm": 0.2074074074074074,
      "acc_norm_stderr": 0.03502553170678316
    },
    "sciq": {
      "acc": 0.911,
      "acc_stderr": 0.009008893392651535,
      "acc_norm": 0.882,
      "acc_norm_stderr": 0.010206869264381791
    },
    "hendrycksTest-high_school_european_history": {
      "acc": 0.22424242424242424,
      "acc_stderr": 0.032568666616811015,
      "acc_norm": 0.2606060606060606,
      "acc_norm_stderr": 0.03427743175816524
    },
    "logiqa": {
      "acc": 0.21658986175115208,
      "acc_stderr": 0.016156860583178303,
      "acc_norm": 0.28417818740399386,
      "acc_norm_stderr": 0.017690542680190765
    },
    "hendrycksTest-philosophy": {
      "acc": 0.29260450160771706,
      "acc_stderr": 0.025839898334877983,
      "acc_norm": 0.33440514469453375,
      "acc_norm_stderr": 0.026795422327893944
    },
    "hendrycksTest-high_school_geography": {
      "acc": 0.26262626262626265,
      "acc_stderr": 0.03135305009533084,
      "acc_norm": 0.2878787878787879,
      "acc_norm_stderr": 0.03225883512300992
    },
    "hendrycksTest-logical_fallacies": {
      "acc": 0.3006134969325153,
      "acc_stderr": 0.03602511318806771,
      "acc_norm": 0.34355828220858897,
      "acc_norm_stderr": 0.03731133519673893
    },
    "hendrycksTest-jurisprudence": {
      "acc": 0.35185185185185186,
      "acc_stderr": 0.04616631111801713,
      "acc_norm": 0.4351851851851852,
      "acc_norm_stderr": 0.04792898170907062
    },
    "hendrycksTest-college_chemistry": {
      "acc": 0.25,
      "acc_stderr": 0.04351941398892446,
      "acc_norm": 0.32,
      "acc_norm_stderr": 0.046882617226215034
    },
    "hendrycksTest-conceptual_physics": {
      "acc": 0.24680851063829787,
      "acc_stderr": 0.02818544130123409,
      "acc_norm": 0.2,
      "acc_norm_stderr": 0.026148818018424502
    },
    "hendrycksTest-medical_genetics": {
      "acc": 0.24,
      "acc_stderr": 0.04292346959909283,
      "acc_norm": 0.39,
      "acc_norm_stderr": 0.04902071300001975
    },
    "hendrycksTest-abstract_algebra": {
      "acc": 0.23,
      "acc_stderr": 0.04229525846816506,
      "acc_norm": 0.23,
      "acc_norm_stderr": 0.04229525846816505
    },
    "lambada_openai": {
      "ppl": 3.6290590138646768,
      "ppl_stderr": 0.07410155740289663,
      "acc": 0.7145352222006598,
      "acc_stderr": 0.006292165813769917
    },
    "hendrycksTest-nutrition": {
      "acc": 0.30392156862745096,
      "acc_stderr": 0.026336613469046644,
      "acc_norm": 0.40522875816993464,
      "acc_norm_stderr": 0.028110928492809075
    },
    "hendrycksTest-business_ethics": {
      "acc": 0.34,
      "acc_stderr": 0.04760952285695235,
      "acc_norm": 0.31,
      "acc_norm_stderr": 0.04648231987117316
    },
    "hendrycksTest-high_school_government_and_politics": {
      "acc": 0.24870466321243523,
      "acc_stderr": 0.031195840877700286,
      "acc_norm": 0.24870466321243523,
      "acc_norm_stderr": 0.031195840877700286
    },
    "wsc": {
      "acc": 0.5961538461538461,
      "acc_stderr": 0.048346889526540184
    },
    "hendrycksTest-college_biology": {
      "acc": 0.2708333333333333,
      "acc_stderr": 0.03716177437566016,
      "acc_norm": 0.2847222222222222,
      "acc_norm_stderr": 0.037738099906869355
    },
    "hendrycksTest-high_school_physics": {
      "acc": 0.25165562913907286,
      "acc_stderr": 0.035433042343899844,
      "acc_norm": 0.25165562913907286,
      "acc_norm_stderr": 0.035433042343899844
    },
    "hendrycksTest-clinical_knowledge": {
      "acc": 0.25660377358490566,
      "acc_stderr": 0.02688064788905198,
      "acc_norm": 0.30943396226415093,
      "acc_norm_stderr": 0.028450154794118627
    },
    "hendrycksTest-astronomy": {
      "acc": 0.3092105263157895,
      "acc_stderr": 0.03761070869867479,
      "acc_norm": 0.375,
      "acc_norm_stderr": 0.039397364351956274
    },
    "hendrycksTest-high_school_psychology": {
      "acc": 0.24403669724770644,
      "acc_stderr": 0.018415286351416402,
      "acc_norm": 0.24587155963302754,
      "acc_norm_stderr": 0.01846194096870845
    },
    "hendrycksTest-moral_disputes": {
      "acc": 0.2832369942196532,
      "acc_stderr": 0.02425790170532337,
      "acc_norm": 0.3352601156069364,
      "acc_norm_stderr": 0.025416003773165555
    },
    "hendrycksTest-marketing": {
      "acc": 0.2564102564102564,
      "acc_stderr": 0.028605953702004264,
      "acc_norm": 0.3076923076923077,
      "acc_norm_stderr": 0.030236389942173116
    },
    "hendrycksTest-global_facts": {
      "acc": 0.23,
      "acc_stderr": 0.04229525846816506,
      "acc_norm": 0.24,
      "acc_norm_stderr": 0.042923469599092816
    },
    "arc_easy": {
      "acc": 0.6999158249158249,
      "acc_stderr": 0.009404000558513353,
      "acc_norm": 0.6536195286195287,
      "acc_norm_stderr": 0.00976354207569573
    },
    "hendrycksTest-electrical_engineering": {
      "acc": 0.31724137931034485,
      "acc_stderr": 0.03878352372138622,
      "acc_norm": 0.3310344827586207,
      "acc_norm_stderr": 0.039215453124671215
    },
    "hendrycksTest-formal_logic": {
      "acc": 0.30952380952380953,
      "acc_stderr": 0.04134913018303316,
      "acc_norm": 0.2619047619047619,
      "acc_norm_stderr": 0.03932537680392869
    },
    "hendrycksTest-high_school_computer_science": {
      "acc": 0.24,
      "acc_stderr": 0.04292346959909284,
      "acc_norm": 0.29,
      "acc_norm_stderr": 0.04560480215720684
    },
    "hendrycksTest-high_school_us_history": {
      "acc": 0.28431372549019607,
      "acc_stderr": 0.03166009679399812,
      "acc_norm": 0.25980392156862747,
      "acc_norm_stderr": 0.03077855467869326
    },