{
  "results": {
    "hendrycksTest-nutrition": {
      "acc": 0.29411764705882354,
      "acc_stderr": 0.02609016250427904,
      "acc_norm": 0.369281045751634,
      "acc_norm_stderr": 0.02763417668960266
    },
    "hendrycksTest-clinical_knowledge": {
      "acc": 0.24150943396226415,
      "acc_stderr": 0.02634148037111837,
      "acc_norm": 0.3018867924528302,
      "acc_norm_stderr": 0.02825420034443865
    },
    "hendrycksTest-high_school_us_history": {
      "acc": 0.23039215686274508,
      "acc_stderr": 0.02955429260569507,
      "acc_norm": 0.27941176470588236,
      "acc_norm_stderr": 0.031493281045079556
    },
    "hendrycksTest-public_relations": {
      "acc": 0.2727272727272727,
      "acc_stderr": 0.04265792110940588,
      "acc_norm": 0.2,
      "acc_norm_stderr": 0.03831305140884601
    },
    "hendrycksTest-high_school_european_history": {
      "acc": 0.2545454545454545,
      "acc_stderr": 0.0340150671524904,
      "acc_norm": 0.296969696969697,
      "acc_norm_stderr": 0.03567969772268047
    },
    "hendrycksTest-moral_scenarios": {
      "acc": 0.27262569832402234,
      "acc_stderr": 0.014893391735249588,
      "acc_norm": 0.27262569832402234,
      "acc_norm_stderr": 0.014893391735249588
    },
    "hendrycksTest-anatomy": {
      "acc": 0.26666666666666666,
      "acc_stderr": 0.038201699145179055,
      "acc_norm": 0.23703703703703705,
      "acc_norm_stderr": 0.03673731683969506
    },
    "hendrycksTest-international_law": {
      "acc": 0.2809917355371901,
      "acc_stderr": 0.04103203830514512,
      "acc_norm": 0.4380165289256198,
      "acc_norm_stderr": 0.045291468044357915
    },
    "hendrycksTest-management": {
      "acc": 0.3300970873786408,
      "acc_stderr": 0.0465614711001235,
      "acc_norm": 0.32038834951456313,
      "acc_norm_stderr": 0.0462028408228004
    },
    "winogrande": {
      "acc": 0.6519337016574586,
      "acc_stderr": 0.013388004531086047
    },
    "hendrycksTest-college_mathematics": {
      "acc": 0.21,
      "acc_stderr": 0.040936018074033256,
      "acc_norm": 0.3,
      "acc_norm_stderr": 0.046056618647183814
    },
    "wsc": {
      "acc": 0.6057692307692307,
      "acc_stderr": 0.04815154775990711
    },
    "hendrycksTest-high_school_chemistry": {
      "acc": 0.23645320197044334,
      "acc_stderr": 0.02989611429173355,
      "acc_norm": 0.3251231527093596,
      "acc_norm_stderr": 0.03295797566311271
    },
    "hendrycksTest-college_biology": {
      "acc": 0.20833333333333334,
      "acc_stderr": 0.03396116205845334,
      "acc_norm": 0.2152777777777778,
      "acc_norm_stderr": 0.034370793441061344
    },
    "hendrycksTest-college_chemistry": {
      "acc": 0.24,
      "acc_stderr": 0.042923469599092816,
      "acc_norm": 0.33,
      "acc_norm_stderr": 0.04725815626252605
    },
    "hendrycksTest-human_aging": {
      "acc": 0.2914798206278027,
      "acc_stderr": 0.030500283176545906,
      "acc_norm": 0.24663677130044842,
      "acc_norm_stderr": 0.028930413120910877
    },
    "hendrycksTest-computer_security": {
      "acc": 0.23,
      "acc_stderr": 0.04229525846816506,
      "acc_norm": 0.34,
      "acc_norm_stderr": 0.04760952285695236
    },
    "hendrycksTest-high_school_computer_science": {
      "acc": 0.3,
      "acc_stderr": 0.046056618647183814,
      "acc_norm": 0.28,
      "acc_norm_stderr": 0.04512608598542128
    },
    "hendrycksTest-electrical_engineering": {
      "acc": 0.31724137931034485,
      "acc_stderr": 0.038783523721386215,
      "acc_norm": 0.31724137931034485,
      "acc_norm_stderr": 0.038783523721386215
    },
    "lambada_openai": {
      "ppl": 4.037871980255364,
      "ppl_stderr": 0.08695582970269694,
      "acc": 0.6863962740151368,
      "acc_stderr": 0.006463833164285201
    },
    "hendrycksTest-high_school_statistics": {
      "acc": 0.2962962962962963,
      "acc_stderr": 0.03114144782353603,
      "acc_norm": 0.2916666666666667,
      "acc_norm_stderr": 0.03099866630456052
    },
    "hendrycksTest-miscellaneous": {
      "acc": 0.3231162196679438,
      "acc_stderr": 0.016723726512343048,
      "acc_norm": 0.28991060025542786,
      "acc_norm_stderr": 0.01622501794477096
    },
    "hendrycksTest-human_sexuality": {
      "acc": 0.32061068702290074,
      "acc_stderr": 0.04093329229834278,
      "acc_norm": 0.31297709923664124,
      "acc_norm_stderr": 0.04066962905677697
    },
    "hendrycksTest-global_facts": {
      "acc": 0.24,
      "acc_stderr": 0.042923469599092816,
      "acc_norm": 0.24,
      "acc_norm_stderr": 0.042923469599092816
    },
    "hendrycksTest-marketing": {
      "acc": 0.2905982905982906,
      "acc_stderr": 0.029745048572674047,
      "acc_norm": 0.29914529914529914,
      "acc_norm_stderr": 0.029996951858349483
    },
    "hendrycksTest-college_computer_science": {
      "acc": 0.3,
      "acc_stderr": 0.046056618647183814,
      "acc_norm": 0.27,
      "acc_norm_stderr": 0.04461960433384741
    },
    "hendrycksTest-professional_accounting": {
      "acc": 0.2730496453900709,
      "acc_stderr": 0.026577860943307847,
      "acc_norm": 0.28368794326241137,
      "acc_norm_stderr": 0.026891709428343957
    },
    "hendrycksTest-college_physics": {
      "acc": 0.20588235294117646,
      "acc_stderr": 0.040233822736177455,
      "acc_norm": 0.23529411764705882,
      "acc_norm_stderr": 0.042207736591714534
    },
    "hendrycksTest-professional_law": {
      "acc": 0.2711864406779661,
      "acc_stderr": 0.011354581451622985,
      "acc_norm": 0.28096479791395046,
      "acc_norm_stderr": 0.011479684550077683
    },
    "hendrycksTest-elementary_mathematics": {
      "acc": 0.24074074074074073,
      "acc_stderr": 0.022019080012217904,
      "acc_norm": 0.2671957671957672,
      "acc_norm_stderr": 0.022789673145776578
    },
    "hendrycksTest-medical_genetics": {
      "acc": 0.27,
      "acc_stderr": 0.044619604333847394,
      "acc_norm": 0.39,
      "acc_norm_stderr": 0.04902071300001975
    },
    "hendrycksTest-sociology": {
      "acc": 0.2835820895522388,
      "acc_stderr": 0.03187187537919797,
      "acc_norm": 0.2835820895522388,
      "acc_norm_stderr": 0.031871875379197986
    },
    "hendrycksTest-security_studies": {
      "acc": 0.3673469387755102,
      "acc_stderr": 0.03086214492108756,
      "acc_norm": 0.2897959183673469,
      "acc_norm_stderr": 0.029043088683304328
    },
    "hendrycksTest-abstract_algebra": {
      "acc": 0.23,
      "acc_stderr": 0.04229525846816506,
      "acc_norm": 0.24,
      "acc_norm_stderr": 0.04292346959909284
    },
    "hendrycksTest-professional_psychology": {
      "acc": 0.2696078431372549,
      "acc_stderr": 0.017952449196987862,
      "acc_norm": 0.2696078431372549,
      "acc_norm_stderr": 0.017952449196987862
    },
    "hendrycksTest-high_school_world_history": {
      "acc": 0.25738396624472576,
      "acc_stderr": 0.02845882099146029,
      "acc_norm": 0.29535864978902954,
      "acc_norm_stderr": 0.029696338713422882
    },
    "hendrycksTest-jurisprudence": {
      "acc": 0.2962962962962963,
      "acc_stderr": 0.044143436668549335,
      "acc_norm": 0.4351851851851852,
      "acc_norm_stderr": 0.04792898170907062
    },
    "hendrycksTest-machine_learning": {
      "acc": 0.2767857142857143,
      "acc_stderr": 0.042466243366976256,
      "acc_norm": 0.24107142857142858,
      "acc_norm_stderr": 0.04059867246952688
    },
    "hendrycksTest-world_religions": {
      "acc": 0.3391812865497076,
      "acc_stderr": 0.036310534964889056,
      "acc_norm": 0.39766081871345027,
      "acc_norm_stderr": 0.0375363895576169
    },
    "sciq": {
      "acc": 0.908,
      "acc_stderr": 0.009144376393151103,
      "acc_norm": 0.866,
      "acc_norm_stderr": 0.01077776229836969
    },
    "piqa": {
      "acc": 0.7595212187159956,
      "acc_stderr": 0.009971345364651073,
      "acc_norm": 0.7682263329706203,
      "acc_norm_stderr": 0.009845143772794041
    },
    "hendrycksTest-high_school_macroeconomics": {
      "acc": 0.2948717948717949,