{
  "results": {
    "hendrycksTest-high_school_chemistry": {
      "acc": 0.19704433497536947,
      "acc_stderr": 0.027986724666736212,
      "acc_norm": 0.30049261083743845,
      "acc_norm_stderr": 0.03225799476233485
    },
    "hendrycksTest-college_mathematics": {
      "acc": 0.2,
      "acc_stderr": 0.04020151261036844,
      "acc_norm": 0.28,
      "acc_norm_stderr": 0.04512608598542127
    },
    "hendrycksTest-marketing": {
      "acc": 0.2777777777777778,
      "acc_stderr": 0.029343114798094462,
      "acc_norm": 0.29914529914529914,
      "acc_norm_stderr": 0.02999695185834949
    },
    "hendrycksTest-moral_scenarios": {
      "acc": 0.28268156424581004,
      "acc_stderr": 0.015060381730018065,
      "acc_norm": 0.27262569832402234,
      "acc_norm_stderr": 0.014893391735249588
    },
    "hendrycksTest-college_medicine": {
      "acc": 0.21965317919075145,
      "acc_stderr": 0.031568093627031744,
      "acc_norm": 0.23699421965317918,
      "acc_norm_stderr": 0.03242414757483098
    },
    "hendrycksTest-sociology": {
      "acc": 0.2537313432835821,
      "acc_stderr": 0.030769444967296007,
      "acc_norm": 0.27860696517412936,
      "acc_norm_stderr": 0.031700561834973086
    },
    "hendrycksTest-security_studies": {
      "acc": 0.3224489795918367,
      "acc_stderr": 0.029923100563683913,
      "acc_norm": 0.2571428571428571,
      "acc_norm_stderr": 0.027979823538744546
    },
    "arc_easy": {
      "acc": 0.6077441077441077,
      "acc_stderr": 0.010018744689650043,
      "acc_norm": 0.5429292929292929,
      "acc_norm_stderr": 0.01022189756425603
    },
    "hendrycksTest-high_school_geography": {
      "acc": 0.1919191919191919,
      "acc_stderr": 0.02805779167298902,
      "acc_norm": 0.2878787878787879,
      "acc_norm_stderr": 0.03225883512300993
    },
    "hendrycksTest-prehistory": {
      "acc": 0.22530864197530864,
      "acc_stderr": 0.02324620264781975,
      "acc_norm": 0.21296296296296297,
      "acc_norm_stderr": 0.022779719088733396
    },
    "hendrycksTest-virology": {
      "acc": 0.3674698795180723,
      "acc_stderr": 0.03753267402120575,
      "acc_norm": 0.3313253012048193,
      "acc_norm_stderr": 0.03664314777288085
    },
    "hendrycksTest-college_computer_science": {
      "acc": 0.34,
      "acc_stderr": 0.04760952285695235,
      "acc_norm": 0.32,
      "acc_norm_stderr": 0.046882617226215034
    },
    "hendrycksTest-college_biology": {
      "acc": 0.2638888888888889,
      "acc_stderr": 0.03685651095897532,
      "acc_norm": 0.24305555555555555,
      "acc_norm_stderr": 0.03586879280080341
    },
    "hendrycksTest-high_school_european_history": {
      "acc": 0.2606060606060606,
      "acc_stderr": 0.03427743175816525,
      "acc_norm": 0.2787878787878788,
      "acc_norm_stderr": 0.035014387062967806
    },
    "hendrycksTest-high_school_us_history": {
      "acc": 0.29901960784313725,
      "acc_stderr": 0.032133257173736156,
      "acc_norm": 0.2647058823529412,
      "acc_norm_stderr": 0.030964517926923403
    },
    "hendrycksTest-nutrition": {
      "acc": 0.2973856209150327,
      "acc_stderr": 0.02617390850671858,
      "acc_norm": 0.3627450980392157,
      "acc_norm_stderr": 0.02753007844711032
    },
    "hendrycksTest-business_ethics": {
      "acc": 0.25,
      "acc_stderr": 0.04351941398892446,
      "acc_norm": 0.28,
      "acc_norm_stderr": 0.04512608598542127
    },
    "hendrycksTest-conceptual_physics": {
      "acc": 0.2680851063829787,
      "acc_stderr": 0.028957342788342347,
      "acc_norm": 0.225531914893617,
      "acc_norm_stderr": 0.02732107841738754
    },
    "hendrycksTest-astronomy": {
      "acc": 0.25,
      "acc_stderr": 0.03523807393012047,
      "acc_norm": 0.34868421052631576,
      "acc_norm_stderr": 0.03878139888797609
    },
    "hendrycksTest-elementary_mathematics": {
      "acc": 0.25925925925925924,
      "acc_stderr": 0.022569897074918417,
      "acc_norm": 0.2777777777777778,
      "acc_norm_stderr": 0.023068188848261124
    },
    "hendrycksTest-medical_genetics": {
      "acc": 0.28,
      "acc_stderr": 0.04512608598542126,
      "acc_norm": 0.36,
      "acc_norm_stderr": 0.04824181513244218
    },
    "winogrande": {
      "acc": 0.6101026045777427,
      "acc_stderr": 0.013707547317008462
    },
    "hendrycksTest-high_school_world_history": {
      "acc": 0.2489451476793249,
      "acc_stderr": 0.028146970599422644,
      "acc_norm": 0.25738396624472576,
      "acc_norm_stderr": 0.0284588209914603
    },
    "hendrycksTest-human_aging": {
      "acc": 0.32286995515695066,
      "acc_stderr": 0.03138147637575499,
      "acc_norm": 0.25112107623318386,
      "acc_norm_stderr": 0.02910522083322461
    },
    "sciq": {
      "acc": 0.858,
      "acc_stderr": 0.011043457699378227,
      "acc_norm": 0.79,
      "acc_norm_stderr": 0.012886662332274536
    },
    "hendrycksTest-college_chemistry": {
      "acc": 0.21,
      "acc_stderr": 0.04093601807403326,
      "acc_norm": 0.3,
      "acc_norm_stderr": 0.046056618647183814
    },
    "lambada_openai": {
      "ppl": 5.119486263101474,
      "ppl_stderr": 0.11989428693169638,
      "acc": 0.6359402289928198,
      "acc_stderr": 0.006703576472856834
    },
    "hendrycksTest-econometrics": {
      "acc": 0.2719298245614035,
      "acc_stderr": 0.041857744240220554,
      "acc_norm": 0.24561403508771928,
      "acc_norm_stderr": 0.04049339297748142
    },
    "hendrycksTest-high_school_macroeconomics": {
      "acc": 0.26666666666666666,
      "acc_stderr": 0.022421273612923703,
      "acc_norm": 0.2743589743589744,
      "acc_norm_stderr": 0.022622765767493225
    },
    "hendrycksTest-high_school_physics": {
      "acc": 0.23178807947019867,
      "acc_stderr": 0.03445406271987054,
      "acc_norm": 0.271523178807947,
      "acc_norm_stderr": 0.03631329803969653
    },
    "hendrycksTest-jurisprudence": {
      "acc": 0.3148148148148148,
      "acc_stderr": 0.04489931073591312,
      "acc_norm": 0.4722222222222222,
      "acc_norm_stderr": 0.04826217294139894
    },
    "hendrycksTest-machine_learning": {
      "acc": 0.29464285714285715,
      "acc_stderr": 0.043270409325787275,
      "acc_norm": 0.25892857142857145,
      "acc_norm_stderr": 0.04157751539865629
    },
    "hendrycksTest-high_school_mathematics": {
      "acc": 0.22592592592592592,
      "acc_stderr": 0.025497532639609553,
      "acc_norm": 0.2814814814814815,
      "acc_norm_stderr": 0.027420019350945277
    },
    "hendrycksTest-high_school_psychology": {
      "acc": 0.26788990825688075,
      "acc_stderr": 0.018987462257978652,
      "acc_norm": 0.24403669724770644,
      "acc_norm_stderr": 0.01841528635141641
    },
    "hendrycksTest-professional_accounting": {
      "acc": 0.20921985815602837,
      "acc_stderr": 0.02426476943998848,
      "acc_norm": 0.2553191489361702,
      "acc_norm_stderr": 0.02601199293090201
    },
    "hendrycksTest-clinical_knowledge": {
      "acc": 0.22264150943396227,
      "acc_stderr": 0.025604233470899098,
      "acc_norm": 0.2943396226415094,
      "acc_norm_stderr": 0.028049186315695248
    },
    "hendrycksTest-philosophy": {
      "acc": 0.24115755627009647,
      "acc_stderr": 0.024296594034763426,
      "acc_norm": 0.3022508038585209,
      "acc_norm_stderr": 0.026082700695399655
    },
    "hendrycksTest-college_physics": {
      "acc": 0.3627450980392157,
      "acc_stderr": 0.04784060704105654,
      "acc_norm": 0.28431372549019607,
      "acc_norm_stderr": 0.04488482852329017
    },
    "hendrycksTest-moral_disputes": {
      "acc": 0.25722543352601157,
      "acc_stderr": 0.023532925431044283,
      "acc_norm": 0.3179190751445087,
      "acc_norm_stderr": 0.025070713719153172
    },
    "hendrycksTest-electrical_engineering": {
      "acc": 0.33793103448275863,
      "acc_stderr": 0.039417076320648906,
      "acc_norm": 0.35172413793103446,
      "acc_norm_stderr": 0.03979236637497411
    },
    "hendrycksTest-professional_medicine": {
      "acc": 0.23161764705882354,