{
  "results": {
    "hendrycksTest-college_medicine": {
      "acc": 0.24855491329479767,
      "acc_stderr": 0.03295304696818318,
      "acc_norm": 0.23121387283236994,
      "acc_norm_stderr": 0.03214737302029471
    },
    "hendrycksTest-high_school_government_and_politics": {
      "acc": 0.23834196891191708,
      "acc_stderr": 0.030748905363909892,
      "acc_norm": 0.2694300518134715,
      "acc_norm_stderr": 0.03201867122877794
    },
    "hendrycksTest-high_school_biology": {
      "acc": 0.24193548387096775,
      "acc_stderr": 0.024362599693031086,
      "acc_norm": 0.27741935483870966,
      "acc_norm_stderr": 0.025470196835900055
    },
    "hendrycksTest-conceptual_physics": {
      "acc": 0.2765957446808511,
      "acc_stderr": 0.029241883869628824,
      "acc_norm": 0.2,
      "acc_norm_stderr": 0.026148818018424506
    },
    "hendrycksTest-high_school_statistics": {
      "acc": 0.26851851851851855,
      "acc_stderr": 0.030225226160012404,
      "acc_norm": 0.28703703703703703,
      "acc_norm_stderr": 0.03085199299325701
    },
    "hendrycksTest-professional_accounting": {
      "acc": 0.24113475177304963,
      "acc_stderr": 0.02551873104953776,
      "acc_norm": 0.23404255319148937,
      "acc_norm_stderr": 0.025257861359432407
    },
    "wsc": {
      "acc": 0.36538461538461536,
      "acc_stderr": 0.0474473339327792
    },
    "hendrycksTest-college_mathematics": {
      "acc": 0.22,
      "acc_stderr": 0.041633319989322695,
      "acc_norm": 0.29,
      "acc_norm_stderr": 0.045604802157206845
    },
    "hendrycksTest-high_school_computer_science": {
      "acc": 0.23,
      "acc_stderr": 0.04229525846816506,
      "acc_norm": 0.26,
      "acc_norm_stderr": 0.0440844002276808
    },
    "hendrycksTest-professional_medicine": {
      "acc": 0.23161764705882354,
      "acc_stderr": 0.025626533803777562,
      "acc_norm": 0.25735294117647056,
      "acc_norm_stderr": 0.026556519470041513
    },
    "hendrycksTest-college_physics": {
      "acc": 0.19607843137254902,
      "acc_stderr": 0.03950581861179964,
      "acc_norm": 0.24509803921568626,
      "acc_norm_stderr": 0.042801058373643945
    },
    "hendrycksTest-business_ethics": {
      "acc": 0.33,
      "acc_stderr": 0.047258156262526045,
      "acc_norm": 0.31,
      "acc_norm_stderr": 0.04648231987117316
    },
    "logiqa": {
      "acc": 0.21044546850998463,
      "acc_stderr": 0.015988369488888755,
      "acc_norm": 0.2857142857142857,
      "acc_norm_stderr": 0.017719247798458293
    },
    "hendrycksTest-us_foreign_policy": {
      "acc": 0.29,
      "acc_stderr": 0.04560480215720684,
      "acc_norm": 0.29,
      "acc_norm_stderr": 0.04560480215720683
    },
    "hendrycksTest-human_aging": {
      "acc": 0.35874439461883406,
      "acc_stderr": 0.032190792004199956,
      "acc_norm": 0.27802690582959644,
      "acc_norm_stderr": 0.030069584874494043
    },
    "hendrycksTest-high_school_psychology": {
      "acc": 0.22568807339449543,
      "acc_stderr": 0.01792308766780305,
      "acc_norm": 0.23302752293577983,
      "acc_norm_stderr": 0.01812566918086148
    },
    "hendrycksTest-human_sexuality": {
      "acc": 0.3511450381679389,
      "acc_stderr": 0.04186445163013751,
      "acc_norm": 0.3282442748091603,
      "acc_norm_stderr": 0.04118438565806298
    },
    "hendrycksTest-medical_genetics": {
      "acc": 0.23,
      "acc_stderr": 0.04229525846816505,
      "acc_norm": 0.39,
      "acc_norm_stderr": 0.04902071300001974
    },
    "hendrycksTest-high_school_world_history": {
      "acc": 0.2742616033755274,
      "acc_stderr": 0.029041333510598046,
      "acc_norm": 0.29957805907172996,
      "acc_norm_stderr": 0.029818024749753095
    },
    "hendrycksTest-high_school_microeconomics": {
      "acc": 0.19327731092436976,
      "acc_stderr": 0.02564947026588919,
      "acc_norm": 0.2815126050420168,
      "acc_norm_stderr": 0.029213549414372153
    },
    "hendrycksTest-management": {
      "acc": 0.1553398058252427,
      "acc_stderr": 0.03586594738573973,
      "acc_norm": 0.2524271844660194,
      "acc_norm_stderr": 0.04301250399690878
    },
    "hendrycksTest-high_school_mathematics": {
      "acc": 0.21851851851851853,
      "acc_stderr": 0.025195752251823793,
      "acc_norm": 0.2740740740740741,
      "acc_norm_stderr": 0.027195934804085626
    },
    "hendrycksTest-logical_fallacies": {
      "acc": 0.1901840490797546,
      "acc_stderr": 0.030833491146281245,
      "acc_norm": 0.2822085889570552,
      "acc_norm_stderr": 0.03536117886664743
    },
    "hendrycksTest-world_religions": {
      "acc": 0.2631578947368421,
      "acc_stderr": 0.03377310252209194,
      "acc_norm": 0.3333333333333333,
      "acc_norm_stderr": 0.03615507630310935
    },
    "hendrycksTest-abstract_algebra": {
      "acc": 0.22,
      "acc_stderr": 0.04163331998932269,
      "acc_norm": 0.24,
      "acc_norm_stderr": 0.042923469599092816
    },
    "arc_challenge": {
      "acc": 0.20733788395904437,
      "acc_stderr": 0.01184690578297137,
      "acc_norm": 0.23890784982935154,
      "acc_norm_stderr": 0.012461071376316617
    },
    "hendrycksTest-machine_learning": {
      "acc": 0.29464285714285715,
      "acc_stderr": 0.04327040932578728,
      "acc_norm": 0.23214285714285715,
      "acc_norm_stderr": 0.040073418097558065
    },
    "hendrycksTest-clinical_knowledge": {
      "acc": 0.21132075471698114,
      "acc_stderr": 0.025125766484827845,
      "acc_norm": 0.30566037735849055,
      "acc_norm_stderr": 0.028353298073322666
    },
    "hendrycksTest-professional_law": {
      "acc": 0.2561929595827901,
      "acc_stderr": 0.011149173153110582,
      "acc_norm": 0.2770534550195567,
      "acc_norm_stderr": 0.01143046244371968
    },
    "hendrycksTest-international_law": {
      "acc": 0.17355371900826447,
      "acc_stderr": 0.0345727283691767,
      "acc_norm": 0.4462809917355372,
      "acc_norm_stderr": 0.0453793517794788
    },
    "lambada_openai": {
      "ppl": 16.39826111439643,
      "ppl_stderr": 0.5572608146298462,
      "acc": 0.45158160294973804,
      "acc_stderr": 0.006933239470474417
    },
    "hendrycksTest-nutrition": {
      "acc": 0.28431372549019607,
      "acc_stderr": 0.025829163272757465,
      "acc_norm": 0.38235294117647056,
      "acc_norm_stderr": 0.027826109307283683
    },
    "hendrycksTest-high_school_physics": {
      "acc": 0.25165562913907286,
      "acc_stderr": 0.035433042343899844,
      "acc_norm": 0.24503311258278146,
      "acc_norm_stderr": 0.03511807571804725
    },
    "hendrycksTest-anatomy": {
      "acc": 0.2222222222222222,
      "acc_stderr": 0.035914440841969694,
      "acc_norm": 0.2074074074074074,
      "acc_norm_stderr": 0.03502553170678316
    },
    "hendrycksTest-prehistory": {
      "acc": 0.22839506172839505,
      "acc_stderr": 0.023358211840626267,
      "acc_norm": 0.20679012345679013,
      "acc_norm_stderr": 0.022535006705942818
    },
    "hendrycksTest-public_relations": {
      "acc": 0.3,
      "acc_stderr": 0.04389311454644287,
      "acc_norm": 0.24545454545454545,
      "acc_norm_stderr": 0.041220665028782834
    },
    "hendrycksTest-virology": {
      "acc": 0.29518072289156627,
      "acc_stderr": 0.035509201856896294,
      "acc_norm": 0.3072289156626506,
      "acc_norm_stderr": 0.035915667978246635
    },
    "hendrycksTest-moral_scenarios": {
      "acc": 0.23798882681564246,
      "acc_stderr": 0.014242630070574915,
      "acc_norm": 0.2681564245810056,
      "acc_norm_stderr": 0.014816119635317005
    },
    "arc_easy": {
      "acc": 0.44023569023569026,
      "acc_stderr": 0.01018622862451566,
      "acc_norm": 0.4036195286195286,
      "acc_norm_stderr": 0.010067368960348204
    },
    "hendrycksTest-high_school_chemistry": {
      "acc": 0.19704433497536947,
      "acc_stderr": 0.027986724666736212,
      "acc_norm": 0.26108374384236455,
      "acc_norm_stderr": 0.030903796952114468
    },
    "hendrycksTest-high_school_macroeconomics": {
      "acc": 0.27692307692307694,