{
  "results": {
    "lambada_openai": {
      "ppl": 26.02103896885129,
      "ppl_stderr": 0.9418773107503278,
      "acc": 0.3790025228022511,
      "acc_stderr": 0.006758931440268226
    },
    "hendrycksTest-college_biology": {
      "acc": 0.22916666666666666,
      "acc_stderr": 0.03514697467862388,
      "acc_norm": 0.2361111111111111,
      "acc_norm_stderr": 0.03551446610810826
    },
    "hendrycksTest-professional_law": {
      "acc": 0.2522816166883963,
      "acc_stderr": 0.01109278905687524,
      "acc_norm": 0.2737940026075619,
      "acc_norm_stderr": 0.011388612167979395
    },
    "hendrycksTest-virology": {
      "acc": 0.3192771084337349,
      "acc_stderr": 0.03629335329947861,
      "acc_norm": 0.27710843373493976,
      "acc_norm_stderr": 0.03484331592680587
    },
    "winogrande": {
      "acc": 0.5027624309392266,
      "acc_stderr": 0.014052271211616445
    },
    "hendrycksTest-high_school_microeconomics": {
      "acc": 0.23529411764705882,
      "acc_stderr": 0.027553614467863804,
      "acc_norm": 0.29831932773109243,
      "acc_norm_stderr": 0.029719142876342863
    },
    "hendrycksTest-college_physics": {
      "acc": 0.28431372549019607,
      "acc_stderr": 0.04488482852329017,
      "acc_norm": 0.23529411764705882,
      "acc_norm_stderr": 0.04220773659171453
    },
    "hendrycksTest-computer_security": {
      "acc": 0.31,
      "acc_stderr": 0.04648231987117316,
      "acc_norm": 0.33,
      "acc_norm_stderr": 0.047258156262526045
    },
    "hendrycksTest-conceptual_physics": {
      "acc": 0.26382978723404255,
      "acc_stderr": 0.02880998985410297,
      "acc_norm": 0.17446808510638298,
      "acc_norm_stderr": 0.024809442335503966
    },
    "hendrycksTest-high_school_world_history": {
      "acc": 0.2616033755274262,
      "acc_stderr": 0.028609516716994934,
      "acc_norm": 0.2869198312236287,
      "acc_norm_stderr": 0.02944377302259469
    },
    "hendrycksTest-sociology": {
      "acc": 0.27860696517412936,
      "acc_stderr": 0.031700561834973086,
      "acc_norm": 0.24875621890547264,
      "acc_norm_stderr": 0.030567675938916707
    },
    "sciq": {
      "acc": 0.751,
      "acc_stderr": 0.013681600278702308,
      "acc_norm": 0.669,
      "acc_norm_stderr": 0.014888272588203941
    },
    "hendrycksTest-professional_accounting": {
      "acc": 0.25886524822695034,
      "acc_stderr": 0.026129572527180848,
      "acc_norm": 0.2624113475177305,
      "acc_norm_stderr": 0.026244920349843007
    },
    "hendrycksTest-high_school_biology": {
      "acc": 0.24838709677419354,
      "acc_stderr": 0.024580028921481003,
      "acc_norm": 0.2903225806451613,
      "acc_norm_stderr": 0.025822106119415905
    },
    "hendrycksTest-college_computer_science": {
      "acc": 0.27,
      "acc_stderr": 0.0446196043338474,
      "acc_norm": 0.22,
      "acc_norm_stderr": 0.04163331998932269
    },
    "hendrycksTest-econometrics": {
      "acc": 0.3157894736842105,
      "acc_stderr": 0.04372748290278007,
      "acc_norm": 0.2894736842105263,
      "acc_norm_stderr": 0.042663394431593935
    },
    "piqa": {
      "acc": 0.6300326441784548,
      "acc_stderr": 0.011264415223415284,
      "acc_norm": 0.6202393906420022,
      "acc_norm_stderr": 0.011323483504715843
    },
    "hendrycksTest-formal_logic": {
      "acc": 0.30952380952380953,
      "acc_stderr": 0.04134913018303316,
      "acc_norm": 0.2857142857142857,
      "acc_norm_stderr": 0.04040610178208841
    },
    "hendrycksTest-astronomy": {
      "acc": 0.20394736842105263,
      "acc_stderr": 0.03279000406310051,
      "acc_norm": 0.3355263157894737,
      "acc_norm_stderr": 0.038424985593952694
    },
    "hendrycksTest-high_school_european_history": {
      "acc": 0.24848484848484848,
      "acc_stderr": 0.033744026441394036,
      "acc_norm": 0.3151515151515151,
      "acc_norm_stderr": 0.0362773057502241
    },
    "hendrycksTest-high_school_geography": {
      "acc": 0.22727272727272727,
      "acc_stderr": 0.02985751567338641,
      "acc_norm": 0.2878787878787879,
      "acc_norm_stderr": 0.03225883512300993
    },
    "hendrycksTest-moral_disputes": {
      "acc": 0.2832369942196532,
      "acc_stderr": 0.02425790170532337,
      "acc_norm": 0.2947976878612717,
      "acc_norm_stderr": 0.024547617794803835
    },
    "hendrycksTest-high_school_macroeconomics": {
      "acc": 0.26153846153846155,
      "acc_stderr": 0.022282141204204426,
      "acc_norm": 0.24871794871794872,
      "acc_norm_stderr": 0.021916957709213796
    },
    "arc_easy": {
      "acc": 0.4351851851851852,
      "acc_stderr": 0.010173216430370906,
      "acc_norm": 0.3998316498316498,
      "acc_norm_stderr": 0.010051788039412935
    },
    "hendrycksTest-marketing": {
      "acc": 0.33760683760683763,
      "acc_stderr": 0.030980296992618558,
      "acc_norm": 0.358974358974359,
      "acc_norm_stderr": 0.03142616993791924
    },
    "hendrycksTest-nutrition": {
      "acc": 0.2875816993464052,
      "acc_stderr": 0.02591780611714716,
      "acc_norm": 0.34967320261437906,
      "acc_norm_stderr": 0.027305308076274702
    },
    "hendrycksTest-management": {
      "acc": 0.17475728155339806,
      "acc_stderr": 0.037601780060266196,
      "acc_norm": 0.27184466019417475,
      "acc_norm_stderr": 0.044052680241409216
    },
    "hendrycksTest-prehistory": {
      "acc": 0.27469135802469136,
      "acc_stderr": 0.024836057868294677,
      "acc_norm": 0.2191358024691358,
      "acc_norm_stderr": 0.02301670564026219
    },
    "hendrycksTest-public_relations": {
      "acc": 0.2909090909090909,
      "acc_stderr": 0.04350271442923243,
      "acc_norm": 0.2545454545454545,
      "acc_norm_stderr": 0.041723430387053825
    },
    "hendrycksTest-high_school_chemistry": {
      "acc": 0.1724137931034483,
      "acc_stderr": 0.026577672183036586,
      "acc_norm": 0.24630541871921183,
      "acc_norm_stderr": 0.030315099285617732
    },
    "hendrycksTest-high_school_psychology": {
      "acc": 0.25137614678899084,
      "acc_stderr": 0.01859920636028741,
      "acc_norm": 0.25688073394495414,
      "acc_norm_stderr": 0.018732492928342472
    },
    "hendrycksTest-us_foreign_policy": {
      "acc": 0.28,
      "acc_stderr": 0.04512608598542127,
      "acc_norm": 0.34,
      "acc_norm_stderr": 0.047609522856952365
    },
    "hendrycksTest-elementary_mathematics": {
      "acc": 0.24867724867724866,
      "acc_stderr": 0.02226181769240015,
      "acc_norm": 0.25132275132275134,
      "acc_norm_stderr": 0.022340482339643895
    },
    "hendrycksTest-electrical_engineering": {
      "acc": 0.2413793103448276,
      "acc_stderr": 0.03565998174135302,
      "acc_norm": 0.30344827586206896,
      "acc_norm_stderr": 0.038312260488503336
    },
    "hendrycksTest-moral_scenarios": {
      "acc": 0.23798882681564246,
      "acc_stderr": 0.014242630070574915,
      "acc_norm": 0.27262569832402234,
      "acc_norm_stderr": 0.014893391735249588
    },
    "hendrycksTest-logical_fallacies": {
      "acc": 0.26380368098159507,
      "acc_stderr": 0.03462419931615625,
      "acc_norm": 0.3006134969325153,
      "acc_norm_stderr": 0.0360251131880677
    },
    "hendrycksTest-professional_medicine": {
      "acc": 0.25,
      "acc_stderr": 0.026303648393696036,
      "acc_norm": 0.22794117647058823,
      "acc_norm_stderr": 0.025483081468029804
    },
    "hendrycksTest-global_facts": {
      "acc": 0.19,
      "acc_stderr": 0.039427724440366255,
      "acc_norm": 0.22,
      "acc_norm_stderr": 0.041633319989322674
    },
    "hendrycksTest-abstract_algebra": {
      "acc": 0.17,
      "acc_stderr": 0.0377525168068637,
      "acc_norm": 0.2,
      "acc_norm_stderr": 0.04020151261036844
    },
    "hendrycksTest-clinical_knowledge": {
      "acc": 0.18867924528301888,
      "acc_stderr": 0.02407999513006222,
      "acc_norm": 0.2792452830188679,
      "acc_norm_stderr": 0.027611163402399715
    },
    "hendrycksTest-high_school_computer_science": {
      "acc": 0.21,