{
  "results": {
    "xcopa_ta": {
      "acc": 0.592,
      "acc_stderr": 0.02200091089387719
    },
    "xcopa_id": {
      "acc": 0.698,
      "acc_stderr": 0.02055326917420918
    },
    "xcopa_tr": {
      "acc": 0.512,
      "acc_stderr": 0.02237662679792717
    },
    "xcopa_th": {
      "acc": 0.554,
      "acc_stderr": 0.022252153078595897
    },
    "xcopa_ht": {
      "acc": 0.508,
      "acc_stderr": 0.022380208834928035
    },
    "xcopa_qu": {
      "acc": 0.508,
      "acc_stderr": 0.022380208834928035
    },
    "xcopa_sw": {
      "acc": 0.516,
      "acc_stderr": 0.0223716109825804
    },
    "xcopa_it": {
      "acc": 0.528,
      "acc_stderr": 0.022347949832668086
    },
    "xcopa_zh": {
      "acc": 0.652,
      "acc_stderr": 0.021323728632807498
    },
    "xcopa_et": {
      "acc": 0.482,
      "acc_stderr": 0.02236856511738799
    },
    "xcopa_vi": {
      "acc": 0.708,
      "acc_stderr": 0.02035437548053008
    }
  },
  "versions": {
    "xcopa_ta": 0,
    "xcopa_id": 0,
    "xcopa_tr": 0,
    "xcopa_th": 0,
    "xcopa_ht": 0,
    "xcopa_qu": 0,
    "xcopa_sw": 0,
    "xcopa_it": 0,
    "xcopa_zh": 0,
    "xcopa_et": 0,
    "xcopa_vi": 0
  },
  "config": {
    "model": "hf-causal-experimental",
    "model_args": "pretrained=bigscience/bloom-7b1",
    "num_fewshot": 0,
    "batch_size": "auto",
    "device": "cuda",
    "no_cache": true,
    "limit": null,
    "bootstrap_iters": 100000,
    "description_dict": {}
  }
}
