{
  "results": {
    "xwinograd_ru": {
      "acc": 0.5428571428571428,
      "acc_stderr": 0.028112788378274862
    },
    "xwinograd_en": {
      "acc": 0.6997849462365592,
      "acc_stderr": 0.009507809437511165
    },
    "xwinograd_jp": {
      "acc": 0.5286757038581856,
      "acc_stderr": 0.016127677684108978
    },
    "xwinograd_fr": {
      "acc": 0.6626506024096386,
      "acc_stderr": 0.05221260262032129
    },
    "xwinograd_zh": {
      "acc": 0.6924603174603174,
      "acc_stderr": 0.02057614603593188
    },
    "xwinograd_pt": {
      "acc": 0.6311787072243346,
      "acc_stderr": 0.02980804663449022
    }
  },
  "versions": {
    "xwinograd_ru": 0,
    "xwinograd_en": 0,
    "xwinograd_jp": 0,
    "xwinograd_fr": 0,
    "xwinograd_zh": 0,
    "xwinograd_pt": 0
  },
  "config": {
    "model": "hf-causal-experimental",
    "model_args": "pretrained=bigscience/bloom-1b1",
    "num_fewshot": 0,
    "batch_size": "auto",
    "device": "cuda",
    "no_cache": true,
    "limit": null,
    "bootstrap_iters": 100000,
    "description_dict": {}
  }
}
