{
  "results": {
    "xcopa_id": {
      "acc": 0.648,
      "acc_stderr": 0.02138004238594605
    },
    "xcopa_ht": {
      "acc": 0.53,
      "acc_stderr": 0.022342748192502843
    },
    "xcopa_it": {
      "acc": 0.508,
      "acc_stderr": 0.02238020883492804
    },
    "xcopa_et": {
      "acc": 0.506,
      "acc_stderr": 0.022381462412439324
    },
    "xcopa_ta": {
      "acc": 0.57,
      "acc_stderr": 0.02216263442665284
    },
    "xcopa_th": {
      "acc": 0.532,
      "acc_stderr": 0.022337186479044296
    },
    "xcopa_sw": {
      "acc": 0.544,
      "acc_stderr": 0.022296238348407056
    },
    "xcopa_zh": {
      "acc": 0.594,
      "acc_stderr": 0.02198396209008634
    },
    "xcopa_qu": {
      "acc": 0.512,
      "acc_stderr": 0.02237662679792717
    },
    "xcopa_tr": {
      "acc": 0.53,
      "acc_stderr": 0.02234274819250285
    },
    "xcopa_vi": {
      "acc": 0.624,
      "acc_stderr": 0.021683827539286115
    }
  },
  "versions": {
    "xcopa_id": 0,
    "xcopa_ht": 0,
    "xcopa_it": 0,
    "xcopa_et": 0,
    "xcopa_ta": 0,
    "xcopa_th": 0,
    "xcopa_sw": 0,
    "xcopa_zh": 0,
    "xcopa_qu": 0,
    "xcopa_tr": 0,
    "xcopa_vi": 0
  },
  "config": {
    "model": "hf-causal-experimental",
    "model_args": "pretrained=bigscience/bloom-1b1",
    "num_fewshot": 0,
    "batch_size": "auto",
    "device": "cuda",
    "no_cache": true,
    "limit": null,
    "bootstrap_iters": 100000,
    "description_dict": {}
  }
}
