{
  "results": {
    "hendrycksTest-college_mathematics": {
      "acc": 0.23,
      "acc_stderr": 0.04229525846816505,
      "acc_norm": 0.29,
      "acc_norm_stderr": 0.04560480215720684
    },
    "hendrycksTest-high_school_physics": {
      "acc": 0.2251655629139073,
      "acc_stderr": 0.03410435282008937,
      "acc_norm": 0.23178807947019867,
      "acc_norm_stderr": 0.03445406271987054
    },
    "hendrycksTest-high_school_european_history": {
      "acc": 0.2909090909090909,
      "acc_stderr": 0.03546563019624337,
      "acc_norm": 0.296969696969697,
      "acc_norm_stderr": 0.03567969772268047
    },
    "arc_easy": {
      "acc": 0.7167508417508418,
      "acc_stderr": 0.009245632200075455,
      "acc_norm": 0.672979797979798,
      "acc_norm_stderr": 0.009626235849372198
    },
    "hendrycksTest-econometrics": {
      "acc": 0.2807017543859649,
      "acc_stderr": 0.042270544512322004,
      "acc_norm": 0.20175438596491227,
      "acc_norm_stderr": 0.037752050135836386
    },
    "hendrycksTest-professional_law": {
      "acc": 0.2790091264667536,
      "acc_stderr": 0.011455208832803538,
      "acc_norm": 0.2953063885267275,
      "acc_norm_stderr": 0.011651061936208818
    },
    "hendrycksTest-human_aging": {
      "acc": 0.28699551569506726,
      "acc_stderr": 0.030360379710291954,
      "acc_norm": 0.2242152466367713,
      "acc_norm_stderr": 0.027991534258519527
    },
    "hendrycksTest-high_school_computer_science": {
      "acc": 0.31,
      "acc_stderr": 0.04648231987117316,
      "acc_norm": 0.3,
      "acc_norm_stderr": 0.046056618647183814
    },
    "hendrycksTest-abstract_algebra": {
      "acc": 0.23,
      "acc_stderr": 0.04229525846816506,
      "acc_norm": 0.24,
      "acc_norm_stderr": 0.04292346959909283
    },
    "hendrycksTest-high_school_government_and_politics": {
      "acc": 0.26424870466321243,
      "acc_stderr": 0.03182155050916647,
      "acc_norm": 0.26424870466321243,
      "acc_norm_stderr": 0.03182155050916647
    },
    "hendrycksTest-college_computer_science": {
      "acc": 0.23,
      "acc_stderr": 0.04229525846816507,
      "acc_norm": 0.28,
      "acc_norm_stderr": 0.04512608598542127
    },
    "hendrycksTest-high_school_microeconomics": {
      "acc": 0.29831932773109243,
      "acc_stderr": 0.029719142876342853,
      "acc_norm": 0.36134453781512604,
      "acc_norm_stderr": 0.03120469122515001
    },
    "arc_challenge": {
      "acc": 0.3720136518771331,
      "acc_stderr": 0.014124597881844461,
      "acc_norm": 0.40102389078498296,
      "acc_norm_stderr": 0.014322255790719864
    },
    "hendrycksTest-nutrition": {
      "acc": 0.3333333333333333,
      "acc_stderr": 0.02699254433929723,
      "acc_norm": 0.3954248366013072,
      "acc_norm_stderr": 0.027996723180631435
    },
    "sciq": {
      "acc": 0.926,
      "acc_stderr": 0.008282064512704159,
      "acc_norm": 0.873,
      "acc_norm_stderr": 0.01053479862085575
    },
    "hendrycksTest-jurisprudence": {
      "acc": 0.3055555555555556,
      "acc_stderr": 0.044531975073749834,
      "acc_norm": 0.42592592592592593,
      "acc_norm_stderr": 0.0478034362693679
    },
    "hendrycksTest-sociology": {
      "acc": 0.2885572139303483,
      "acc_stderr": 0.03203841040213321,
      "acc_norm": 0.2736318407960199,
      "acc_norm_stderr": 0.031524391865554016
    },
    "hendrycksTest-clinical_knowledge": {
      "acc": 0.24150943396226415,
      "acc_stderr": 0.02634148037111837,
      "acc_norm": 0.27547169811320754,
      "acc_norm_stderr": 0.02749566368372407
    },
    "hendrycksTest-international_law": {
      "acc": 0.256198347107438,
      "acc_stderr": 0.03984979653302871,
      "acc_norm": 0.49586776859504134,
      "acc_norm_stderr": 0.04564198767432754
    },
    "hendrycksTest-virology": {
      "acc": 0.3253012048192771,
      "acc_stderr": 0.036471685236832266,
      "acc_norm": 0.30120481927710846,
      "acc_norm_stderr": 0.035716092300534796
    },
    "hendrycksTest-college_physics": {
      "acc": 0.28431372549019607,
      "acc_stderr": 0.04488482852329017,
      "acc_norm": 0.2647058823529412,
      "acc_norm_stderr": 0.043898699568087805
    },
    "hendrycksTest-high_school_chemistry": {
      "acc": 0.2413793103448276,
      "acc_stderr": 0.03010833071801162,
      "acc_norm": 0.3448275862068966,
      "acc_norm_stderr": 0.03344283744280458
    },
    "hendrycksTest-moral_disputes": {
      "acc": 0.3208092485549133,
      "acc_stderr": 0.02513100023364791,
      "acc_norm": 0.3179190751445087,
      "acc_norm_stderr": 0.025070713719153183
    },
    "hendrycksTest-high_school_statistics": {
      "acc": 0.2916666666666667,
      "acc_stderr": 0.030998666304560534,
      "acc_norm": 0.3333333333333333,
      "acc_norm_stderr": 0.03214952147802749
    },
    "winogrande": {
      "acc": 0.6874506708760852,
      "acc_stderr": 0.013027563620748837
    },
    "hendrycksTest-philosophy": {
      "acc": 0.2508038585209003,
      "acc_stderr": 0.024619771956697168,
      "acc_norm": 0.3504823151125402,
      "acc_norm_stderr": 0.027098652621301747
    },
    "wsc": {
      "acc": 0.5480769230769231,
      "acc_stderr": 0.049038186969314335
    },
    "hendrycksTest-astronomy": {
      "acc": 0.2894736842105263,
      "acc_stderr": 0.03690677986137283,
      "acc_norm": 0.40131578947368424,
      "acc_norm_stderr": 0.03988903703336285
    },
    "hendrycksTest-computer_security": {
      "acc": 0.32,
      "acc_stderr": 0.046882617226215034,
      "acc_norm": 0.29,
      "acc_norm_stderr": 0.04560480215720684
    },
    "hendrycksTest-high_school_psychology": {
      "acc": 0.28440366972477066,
      "acc_stderr": 0.019342036587702588,
      "acc_norm": 0.25871559633027524,
      "acc_norm_stderr": 0.01877605231961962
    },
    "hendrycksTest-college_chemistry": {
      "acc": 0.3,
      "acc_stderr": 0.046056618647183814,
      "acc_norm": 0.34,
      "acc_norm_stderr": 0.04760952285695236
    },
    "hendrycksTest-management": {
      "acc": 0.2912621359223301,
      "acc_stderr": 0.04498676320572922,
      "acc_norm": 0.33980582524271846,
      "acc_norm_stderr": 0.046897659372781335
    },
    "hendrycksTest-miscellaneous": {
      "acc": 0.3269476372924649,
      "acc_stderr": 0.016774908180131463,
      "acc_norm": 0.2937420178799489,
      "acc_norm_stderr": 0.016287759388491675
    },
    "hendrycksTest-high_school_world_history": {
      "acc": 0.3080168776371308,
      "acc_stderr": 0.030052389335605695,
      "acc_norm": 0.32489451476793246,
      "acc_norm_stderr": 0.030486039389105293
    },
    "lambada_openai": {
      "ppl": 3.2877565882479303,
      "ppl_stderr": 0.06361523543774811,
      "acc": 0.7389869978653212,
      "acc_stderr": 0.006118733561625588
    },
    "hendrycksTest-electrical_engineering": {
      "acc": 0.3586206896551724,
      "acc_stderr": 0.039966295748767186,
      "acc_norm": 0.38620689655172413,
      "acc_norm_stderr": 0.04057324734419034
    },
    "hendrycksTest-high_school_us_history": {
      "acc": 0.27450980392156865,
      "acc_stderr": 0.03132179803083292,
      "acc_norm": 0.30392156862745096,
      "acc_norm_stderr": 0.03228210387037892
    },
    "hendrycksTest-college_medicine": {
      "acc": 0.23699421965317918,
      "acc_stderr": 0.03242414757483099,
      "acc_norm": 0.24855491329479767,
      "acc_norm_stderr": 0.03295304696818318
    },
    "hendrycksTest-high_school_geography": {
      "acc": 0.26262626262626265,
      "acc_stderr": 0.03135305009533084,
      "acc_norm": 0.3181818181818182,
      "acc_norm_stderr": 0.03318477333845331
    },
    "hendrycksTest-professional_medicine": {
      "acc": 0.2647058823529412,
      "acc_stderr": 0.026799562024887667,
      "acc_norm": 0.2977941176470588,
      "acc_norm_stderr": 0.02777829870154544
    },
    "hendrycksTest-machine_learning": {
      "acc": 0.24107142857142858,
      "acc_stderr": 0.04059867246952686,
      "acc_norm": 0.23214285714285715,
      "acc_norm_stderr": 0.04007341809755807
    },