{
  "results": {
    "hendrycksTest-nutrition": {
      "acc": 0.30718954248366015,
      "acc_stderr": 0.026415601914389002,
      "acc_norm": 0.39215686274509803,
      "acc_norm_stderr": 0.02795604616542451
    },
    "hendrycksTest-high_school_government_and_politics": {
      "acc": 0.24870466321243523,
      "acc_stderr": 0.0311958408777003,
      "acc_norm": 0.24352331606217617,
      "acc_norm_stderr": 0.030975436386845426
    },
    "hendrycksTest-professional_accounting": {
      "acc": 0.25886524822695034,
      "acc_stderr": 0.026129572527180848,
      "acc_norm": 0.25886524822695034,
      "acc_norm_stderr": 0.026129572527180848
    },
    "hendrycksTest-logical_fallacies": {
      "acc": 0.20245398773006135,
      "acc_stderr": 0.03157065078911902,
      "acc_norm": 0.27607361963190186,
      "acc_norm_stderr": 0.0351238528370505
    },
    "sciq": {
      "acc": 0.901,
      "acc_stderr": 0.009449248027662761,
      "acc_norm": 0.852,
      "acc_norm_stderr": 0.011234866364235247
    },
    "hendrycksTest-moral_scenarios": {
      "acc": 0.27262569832402234,
      "acc_stderr": 0.014893391735249588,
      "acc_norm": 0.27262569832402234,
      "acc_norm_stderr": 0.014893391735249588
    },
    "hendrycksTest-college_computer_science": {
      "acc": 0.36,
      "acc_stderr": 0.048241815132442176,
      "acc_norm": 0.31,
      "acc_norm_stderr": 0.04648231987117316
    },
    "hendrycksTest-public_relations": {
      "acc": 0.32727272727272727,
      "acc_stderr": 0.044942908662520896,
      "acc_norm": 0.18181818181818182,
      "acc_norm_stderr": 0.036942843353377997
    },
    "hendrycksTest-econometrics": {
      "acc": 0.2543859649122807,
      "acc_stderr": 0.04096985139843671,
      "acc_norm": 0.2543859649122807,
      "acc_norm_stderr": 0.040969851398436716
    },
    "hendrycksTest-world_religions": {
      "acc": 0.34502923976608185,
      "acc_stderr": 0.036459813773888065,
      "acc_norm": 0.36257309941520466,
      "acc_norm_stderr": 0.0368713061556206
    },
    "hendrycksTest-high_school_mathematics": {
      "acc": 0.24074074074074073,
      "acc_stderr": 0.026067159222275788,
      "acc_norm": 0.3148148148148148,
      "acc_norm_stderr": 0.028317533496066468
    },
    "hendrycksTest-human_sexuality": {
      "acc": 0.33587786259541985,
      "acc_stderr": 0.041423137719966634,
      "acc_norm": 0.29770992366412213,
      "acc_norm_stderr": 0.040103589424622034
    },
    "hendrycksTest-high_school_chemistry": {
      "acc": 0.16748768472906403,
      "acc_stderr": 0.026273086047535397,
      "acc_norm": 0.27586206896551724,
      "acc_norm_stderr": 0.03144712581678242
    },
    "hendrycksTest-college_mathematics": {
      "acc": 0.22,
      "acc_stderr": 0.04163331998932269,
      "acc_norm": 0.27,
      "acc_norm_stderr": 0.044619604333847394
    },
    "hendrycksTest-abstract_algebra": {
      "acc": 0.22,
      "acc_stderr": 0.0416333199893227,
      "acc_norm": 0.21,
      "acc_norm_stderr": 0.04093601807403326
    },
    "hendrycksTest-formal_logic": {
      "acc": 0.29365079365079366,
      "acc_stderr": 0.04073524322147127,
      "acc_norm": 0.24603174603174602,
      "acc_norm_stderr": 0.03852273364924315
    },
    "piqa": {
      "acc": 0.7627856365614799,
      "acc_stderr": 0.009924694933586367,
      "acc_norm": 0.764417845484222,
      "acc_norm_stderr": 0.009901067586473886
    },
    "arc_easy": {
      "acc": 0.6561447811447811,
      "acc_stderr": 0.009746660584852457,
      "acc_norm": 0.601010101010101,
      "acc_norm_stderr": 0.010048240683798742
    },
    "hendrycksTest-high_school_macroeconomics": {
      "acc": 0.28974358974358977,
      "acc_stderr": 0.023000628243687964,
      "acc_norm": 0.2794871794871795,
      "acc_norm_stderr": 0.02275238883977683
    },
    "logiqa": {
      "acc": 0.2350230414746544,
      "acc_stderr": 0.016631166823890965,
      "acc_norm": 0.2872503840245776,
      "acc_norm_stderr": 0.017747701948846596
    },
    "hendrycksTest-high_school_physics": {
      "acc": 0.2119205298013245,
      "acc_stderr": 0.033367670865679766,
      "acc_norm": 0.2251655629139073,
      "acc_norm_stderr": 0.03410435282008936
    },
    "hendrycksTest-management": {
      "acc": 0.2912621359223301,
      "acc_stderr": 0.044986763205729224,
      "acc_norm": 0.34951456310679613,
      "acc_norm_stderr": 0.047211885060971716
    },
    "hendrycksTest-professional_medicine": {
      "acc": 0.21691176470588236,
      "acc_stderr": 0.025035845227711274,
      "acc_norm": 0.2426470588235294,
      "acc_norm_stderr": 0.026040662474201264
    },
    "hendrycksTest-college_biology": {
      "acc": 0.2916666666666667,
      "acc_stderr": 0.03800968060554858,
      "acc_norm": 0.24305555555555555,
      "acc_norm_stderr": 0.03586879280080341
    },
    "hendrycksTest-high_school_microeconomics": {
      "acc": 0.2689075630252101,
      "acc_stderr": 0.02880139219363128,
      "acc_norm": 0.31932773109243695,
      "acc_norm_stderr": 0.0302839955258844
    },
    "hendrycksTest-clinical_knowledge": {
      "acc": 0.26037735849056604,
      "acc_stderr": 0.0270087660907081,
      "acc_norm": 0.2981132075471698,
      "acc_norm_stderr": 0.02815283794249386
    },
    "hendrycksTest-anatomy": {
      "acc": 0.2222222222222222,
      "acc_stderr": 0.035914440841969694,
      "acc_norm": 0.23703703703703705,
      "acc_norm_stderr": 0.03673731683969506
    },
    "hendrycksTest-virology": {
      "acc": 0.3373493975903614,
      "acc_stderr": 0.03680783690727581,
      "acc_norm": 0.29518072289156627,
      "acc_norm_stderr": 0.0355092018568963
    },
    "hendrycksTest-college_medicine": {
      "acc": 0.20809248554913296,
      "acc_stderr": 0.0309528902177499,
      "acc_norm": 0.2138728323699422,
      "acc_norm_stderr": 0.031265112061730424
    },
    "hendrycksTest-high_school_psychology": {
      "acc": 0.28807339449541286,
      "acc_stderr": 0.01941644589263602,
      "acc_norm": 0.24954128440366974,
      "acc_norm_stderr": 0.01855389762950162
    },
    "hendrycksTest-high_school_statistics": {
      "acc": 0.2777777777777778,
      "acc_stderr": 0.0305467452649532,
      "acc_norm": 0.32407407407407407,
      "acc_norm_stderr": 0.03191923445686185
    },
    "hendrycksTest-elementary_mathematics": {
      "acc": 0.24603174603174602,
      "acc_stderr": 0.022182037202948368,
      "acc_norm": 0.25132275132275134,
      "acc_norm_stderr": 0.022340482339643895
    },
    "hendrycksTest-us_foreign_policy": {
      "acc": 0.4,
      "acc_stderr": 0.049236596391733084,
      "acc_norm": 0.35,
      "acc_norm_stderr": 0.0479372485441102
    },
    "hendrycksTest-machine_learning": {
      "acc": 0.20535714285714285,
      "acc_stderr": 0.038342410214190735,
      "acc_norm": 0.22321428571428573,
      "acc_norm_stderr": 0.039523019677025116
    },
    "hendrycksTest-marketing": {
      "acc": 0.28205128205128205,
      "acc_stderr": 0.02948036054954119,
      "acc_norm": 0.32051282051282054,
      "acc_norm_stderr": 0.030572811310299607
    },
    "arc_challenge": {
      "acc": 0.3054607508532423,
      "acc_stderr": 0.0134600804780025,
      "acc_norm": 0.34726962457337884,
      "acc_norm_stderr": 0.01391303452962044
    },
    "hendrycksTest-college_chemistry": {
      "acc": 0.22,
      "acc_stderr": 0.04163331998932269,
      "acc_norm": 0.36,
      "acc_norm_stderr": 0.048241815132442176
    },
    "hendrycksTest-high_school_biology": {
      "acc": 0.25161290322580643,
      "acc_stderr": 0.024685979286239956,
      "acc_norm": 0.2870967741935484,
      "acc_norm_stderr": 0.025736542745594528
    },
    "hendrycksTest-philosophy": {
      "acc": 0.2733118971061093,
      "acc_stderr": 0.02531176597542612,
      "acc_norm": 0.3183279742765273,
      "acc_norm_stderr": 0.026457225067811025
    },
    "lambada_openai": {
      "ppl": 4.252877363060981,
      "ppl_stderr": 0.0927244083936228,
      "acc": 0.6770813118571706,
      "acc_stderr": 0.006514469814384408
    },