{
  "results": {
    "hendrycksTest-college_biology": {
      "acc": 0.4583333333333333,
      "acc_stderr": 0.04166666666666665,
      "acc_norm": 0.3263888888888889,
      "acc_norm_stderr": 0.03921067198982266
    },
    "hendrycksTest-clinical_knowledge": {
      "acc": 0.46037735849056605,
      "acc_stderr": 0.030676096599389188,
      "acc_norm": 0.3849056603773585,
      "acc_norm_stderr": 0.029946498567699948
    },
    "hendrycksTest-high_school_european_history": {
      "acc": 0.5272727272727272,
      "acc_stderr": 0.03898531605579418,
      "acc_norm": 0.49696969696969695,
      "acc_norm_stderr": 0.03904272341431855
    },
    "hendrycksTest-high_school_psychology": {
      "acc": 0.6073394495412844,
      "acc_stderr": 0.02093750516120109,
      "acc_norm": 0.3688073394495413,
      "acc_norm_stderr": 0.020686227560729537
    },
    "hendrycksTest-business_ethics": {
      "acc": 0.53,
      "acc_stderr": 0.05016135580465919,
      "acc_norm": 0.44,
      "acc_norm_stderr": 0.04988876515698589
    },
    "hendrycksTest-high_school_government_and_politics": {
      "acc": 0.5854922279792746,
      "acc_stderr": 0.035553003195576686,
      "acc_norm": 0.38860103626943004,
      "acc_norm_stderr": 0.03517739796373132
    },
    "hendrycksTest-security_studies": {
      "acc": 0.45714285714285713,
      "acc_stderr": 0.03189141832421396,
      "acc_norm": 0.37551020408163266,
      "acc_norm_stderr": 0.03100120903989484
    },
    "hendrycksTest-high_school_macroeconomics": {
      "acc": 0.3769230769230769,
      "acc_stderr": 0.024570975364225995,
      "acc_norm": 0.31794871794871793,
      "acc_norm_stderr": 0.02361088430892786
    },
    "hendrycksTest-sociology": {
      "acc": 0.582089552238806,
      "acc_stderr": 0.034875586404620636,
      "acc_norm": 0.4577114427860697,
      "acc_norm_stderr": 0.035228658640995975
    },
    "hendrycksTest-college_mathematics": {
      "acc": 0.29,
      "acc_stderr": 0.04560480215720683,
      "acc_norm": 0.34,
      "acc_norm_stderr": 0.04760952285695235
    },
    "hendrycksTest-professional_accounting": {
      "acc": 0.2978723404255319,
      "acc_stderr": 0.02728160834446941,
      "acc_norm": 0.2801418439716312,
      "acc_norm_stderr": 0.02678917235114023
    },
    "hendrycksTest-anatomy": {
      "acc": 0.42962962962962964,
      "acc_stderr": 0.04276349494376599,
      "acc_norm": 0.2962962962962963,
      "acc_norm_stderr": 0.03944624162501116
    },
    "hendrycksTest-professional_psychology": {
      "acc": 0.42320261437908496,
      "acc_stderr": 0.019987809769482067,
      "acc_norm": 0.3300653594771242,
      "acc_norm_stderr": 0.01902372616072456
    },
    "hendrycksTest-moral_scenarios": {
      "acc": 0.28268156424581004,
      "acc_stderr": 0.015060381730018082,
      "acc_norm": 0.27262569832402234,
      "acc_norm_stderr": 0.014893391735249588
    },
    "hendrycksTest-conceptual_physics": {
      "acc": 0.42127659574468085,
      "acc_stderr": 0.03227834510146268,
      "acc_norm": 0.2425531914893617,
      "acc_norm_stderr": 0.028020226271200217
    },
    "hendrycksTest-virology": {
      "acc": 0.40963855421686746,
      "acc_stderr": 0.03828401115079021,
      "acc_norm": 0.30120481927710846,
      "acc_norm_stderr": 0.035716092300534796
    },
    "hendrycksTest-world_religions": {
      "acc": 0.7426900584795322,
      "acc_stderr": 0.03352799844161865,
      "acc_norm": 0.6491228070175439,
      "acc_norm_stderr": 0.03660298834049162
    },
    "hendrycksTest-high_school_computer_science": {
      "acc": 0.49,
      "acc_stderr": 0.05024183937956911,
      "acc_norm": 0.41,
      "acc_norm_stderr": 0.049431107042371025
    },
    "hendrycksTest-abstract_algebra": {
      "acc": 0.32,
      "acc_stderr": 0.046882617226215034,
      "acc_norm": 0.3,
      "acc_norm_stderr": 0.046056618647183814
    },
    "hendrycksTest-medical_genetics": {
      "acc": 0.49,
      "acc_stderr": 0.05024183937956911,
      "acc_norm": 0.48,
      "acc_norm_stderr": 0.050211673156867795
    },
    "hendrycksTest-nutrition": {
      "acc": 0.45098039215686275,
      "acc_stderr": 0.02849199358617156,
      "acc_norm": 0.4673202614379085,
      "acc_norm_stderr": 0.02856869975222588
    },
    "hendrycksTest-elementary_mathematics": {
      "acc": 0.36772486772486773,
      "acc_stderr": 0.024833839825562424,
      "acc_norm": 0.328042328042328,
      "acc_norm_stderr": 0.024180497164376907
    },
    "hendrycksTest-philosophy": {
      "acc": 0.45980707395498394,
      "acc_stderr": 0.028306190403305696,
      "acc_norm": 0.3858520900321543,
      "acc_norm_stderr": 0.02764814959975146
    },
    "hendrycksTest-high_school_microeconomics": {
      "acc": 0.42016806722689076,
      "acc_stderr": 0.03206183783236152,
      "acc_norm": 0.40756302521008403,
      "acc_norm_stderr": 0.031918633744784645
    },
    "hendrycksTest-management": {
      "acc": 0.6407766990291263,
      "acc_stderr": 0.04750458399041696,
      "acc_norm": 0.4174757281553398,
      "acc_norm_stderr": 0.048828405482122375
    },
    "hendrycksTest-us_foreign_policy": {
      "acc": 0.68,
      "acc_stderr": 0.046882617226215034,
      "acc_norm": 0.52,
      "acc_norm_stderr": 0.050211673156867795
    },
    "hendrycksTest-international_law": {
      "acc": 0.5619834710743802,
      "acc_stderr": 0.04529146804435792,
      "acc_norm": 0.6033057851239669,
      "acc_norm_stderr": 0.044658697805310094
    },
    "hendrycksTest-college_chemistry": {
      "acc": 0.31,
      "acc_stderr": 0.04648231987117316,
      "acc_norm": 0.3,
      "acc_norm_stderr": 0.046056618647183814
    },
    "hendrycksTest-high_school_mathematics": {
      "acc": 0.26666666666666666,
      "acc_stderr": 0.026962424325073817,
      "acc_norm": 0.31851851851851853,
      "acc_norm_stderr": 0.028406533090608463
    },
    "hendrycksTest-high_school_world_history": {
      "acc": 0.4978902953586498,
      "acc_stderr": 0.032546938018020076,
      "acc_norm": 0.42616033755274263,
      "acc_norm_stderr": 0.03219035703131774
    },
    "hendrycksTest-human_sexuality": {
      "acc": 0.549618320610687,
      "acc_stderr": 0.04363643698524779,
      "acc_norm": 0.3969465648854962,
      "acc_norm_stderr": 0.04291135671009224
    },
    "hendrycksTest-college_computer_science": {
      "acc": 0.33,
      "acc_stderr": 0.047258156262526045,
      "acc_norm": 0.28,
      "acc_norm_stderr": 0.045126085985421276
    },
    "hendrycksTest-college_medicine": {
      "acc": 0.4277456647398844,
      "acc_stderr": 0.037724468575180255,
      "acc_norm": 0.30057803468208094,
      "acc_norm_stderr": 0.0349610148119118
    },
    "hendrycksTest-formal_logic": {
      "acc": 0.3253968253968254,
      "acc_stderr": 0.041905964388711366,
      "acc_norm": 0.3412698412698413,
      "acc_norm_stderr": 0.04240799327574925
    },
    "hendrycksTest-high_school_physics": {
      "acc": 0.271523178807947,
      "acc_stderr": 0.03631329803969653,
      "acc_norm": 0.25165562913907286,
      "acc_norm_stderr": 0.035433042343899844
    },
    "hendrycksTest-marketing": {
      "acc": 0.7264957264957265,
      "acc_stderr": 0.029202540153431173,
      "acc_norm": 0.6153846153846154,
      "acc_norm_stderr": 0.03187195347942466
    },
    "hendrycksTest-jurisprudence": {
      "acc": 0.48148148148148145,
      "acc_stderr": 0.04830366024635331,
      "acc_norm": 0.5,
      "acc_norm_stderr": 0.04833682445228318
    },
    "hendrycksTest-computer_security": {
      "acc": 0.57,
      "acc_stderr": 0.049756985195624284,
      "acc_norm": 0.44,
      "acc_norm_stderr": 0.04988876515698589
    },
    "hendrycksTest-high_school_chemistry": {
      "acc": 0.3103448275862069,
      "acc_stderr": 0.03255086769970103,
      "acc_norm": 0.32019704433497537,
      "acc_norm_stderr": 0.032826493853041504
    },
    "hendrycksTest-prehistory": {
      "acc": 0.49691358024691357,
      "acc_stderr": 0.02782021415859437,
      "acc_norm": 0.345679012345679,