{
  "results": {
    "math_prealgebra": {
      "acc": 0.001148105625717566,
      "acc_stderr": 0.0011481056257175704
    },
    "drop": {
      "em": 0.01709312080536913,
      "em_stderr": 0.001327414384722433,
      "f1": 0.024450503355704672,
      "f1_stderr": 0.001413124400630544
    },
    "math_intermediate_algebra": {
      "acc": 0.0,
      "acc_stderr": 0.0
    },
    "math_counting_and_prob": {
      "acc": 0.002109704641350211,
      "acc_stderr": 0.0021097046413502104
    },
    "math_num_theory": {
      "acc": 0.001851851851851852,
      "acc_stderr": 0.0018518518518518502
    },
    "gsm8k": {
      "acc": 0.0,
      "acc_stderr": 0.0
    },
    "math_geometry": {
      "acc": 0.0,
      "acc_stderr": 0.0
    },
    "math_algebra": {
      "acc": 0.0,
      "acc_stderr": 0.0
    },
    "math_precalc": {
      "acc": 0.0,
      "acc_stderr": 0.0
    },
    "mathqa": {
      "acc": 0.2998324958123953,
      "acc_stderr": 0.008387661895516162,
      "acc_norm": 0.3035175879396985,
      "acc_norm_stderr": 0.008416811454701563
    }
  },
  "versions": {
    "math_prealgebra": 1,
    "drop": 1,
    "mathqa": 0,
    "math_intermediate_algebra": 1,
    "math_counting_and_prob": 1,
    "math_num_theory": 1,
    "gsm8k": 0,
    "math_geometry": 1,
    "math_algebra": 1,
    "math_precalc": 1
  },
  "config": {
    "model": "hf-causal-experimental",
    "model_args": "pretrained=/gaueko1/hizkuntza-ereduak/LLaMA/lm/huggingface/13B,use_accelerate=True",
    "num_fewshot": 5,
    "batch_size": "auto",
    "device": "cuda:0",
    "no_cache": true,
    "limit": null,
    "bootstrap_iters": 100000,
    "description_dict": {}
  }
}
