{
  "results": {
    "xcopa_qu": {
      "acc": 0.506,
      "acc_stderr": 0.022381462412439324
    },
    "xcopa_ta": {
      "acc": 0.58,
      "acc_stderr": 0.02209471322976178
    },
    "xcopa_it": {
      "acc": 0.516,
      "acc_stderr": 0.0223716109825804
    },
    "xcopa_vi": {
      "acc": 0.688,
      "acc_stderr": 0.02074059653648807
    },
    "xcopa_id": {
      "acc": 0.692,
      "acc_stderr": 0.0206670329874661
    },
    "xcopa_sw": {
      "acc": 0.514,
      "acc_stderr": 0.02237429816635319
    },
    "xcopa_et": {
      "acc": 0.492,
      "acc_stderr": 0.022380208834928028
    },
    "xcopa_tr": {
      "acc": 0.534,
      "acc_stderr": 0.02233126442325838
    },
    "xcopa_th": {
      "acc": 0.526,
      "acc_stderr": 0.02235279165091416
    },
    "xcopa_ht": {
      "acc": 0.502,
      "acc_stderr": 0.022382894986483524
    },
    "xcopa_zh": {
      "acc": 0.62,
      "acc_stderr": 0.021728881438701702
    }
  },
  "versions": {
    "xcopa_qu": 0,
    "xcopa_ta": 0,
    "xcopa_it": 0,
    "xcopa_vi": 0,
    "xcopa_id": 0,
    "xcopa_sw": 0,
    "xcopa_et": 0,
    "xcopa_tr": 0,
    "xcopa_th": 0,
    "xcopa_ht": 0,
    "xcopa_zh": 0
  },
  "config": {
    "model": "hf-causal-experimental",
    "model_args": "pretrained=bigscience/bloom-3b",
    "num_fewshot": 0,
    "batch_size": "auto",
    "device": "cuda",
    "no_cache": true,
    "limit": null,
    "bootstrap_iters": 100000,
    "description_dict": {}
  }
}
