{
  "results": {
    "math_counting_and_prob": {
      "acc": 0.002109704641350211,
      "acc_stderr": 0.00210970464135021
    },
    "math_algebra": {
      "acc": 0.0,
      "acc_stderr": 0.0
    },
    "math_precalc": {
      "acc": 0.0,
      "acc_stderr": 0.0
    },
    "gsm8k": {
      "acc": 0.0,
      "acc_stderr": 0.0
    },
    "math_prealgebra": {
      "acc": 0.001148105625717566,
      "acc_stderr": 0.0011481056257175708
    },
    "math_geometry": {
      "acc": 0.0,
      "acc_stderr": 0.0
    },
    "drop": {
      "em": 0.02097315436241611,
      "em_stderr": 0.001467468637213982,
      "f1": 0.04631921140939603,
      "f1_stderr": 0.001664167972365937
    },
    "math_num_theory": {
      "acc": 0.001851851851851852,
      "acc_stderr": 0.0018518518518518448
    },
    "math_intermediate_algebra": {
      "acc": 0.0,
      "acc_stderr": 0.0
    },
    "mathqa": {
      "acc": 0.2525963149078727,
      "acc_stderr": 0.007954112207299597,
      "acc_norm": 0.25058626465661643,
      "acc_norm_stderr": 0.00793304734353984
    }
  },
  "versions": {
    "math_counting_and_prob": 1,
    "math_algebra": 1,
    "math_precalc": 1,
    "mathqa": 0,
    "gsm8k": 0,
    "math_prealgebra": 1,
    "math_geometry": 1,
    "drop": 1,
    "math_num_theory": 1,
    "math_intermediate_algebra": 1
  },
  "config": {
    "model": "hf-causal-experimental",
    "model_args": "pretrained=bigscience/bloom-3b,use_accelerate=True",
    "num_fewshot": 5,
    "batch_size": "auto",
    "device": "cuda:0",
    "no_cache": true,
    "limit": null,
    "bootstrap_iters": 100000,
    "description_dict": {}
  }
}
